F-8,26,4,5,420000
DHA,11,3,4,100000
F-8,26,4,5,650000
F-6,20,6,6,450000
D-17,10,9,6,120000
Bahria,5,4,5,70000
F-11,20,4,5,350000
F-7,40,5,6,2900000
DHA,20,6,6,280000
I-8,10,5,6,275000
F-8,26,5,6,760000
F-11,20,9,5,810000
E-7,26,8,3,950000
DHA,11,3,4,100000
E-7,26,6,6,1100000
DHA,8,5,2,45000
F-6,26,6,6,1100000
F-10,26,4,5,450000
F-8,42,6,6,1200000
Kuri,20,10,6,210000
E-7,26,5,6,620000
Bahria,10,5,6,150000
F-8,26,5,6,800000
F-6,36,6,6,650000
DHA,20,6,6,280000
I-8,20,4,3,450000
E-7,24,5,5,450000
F-8,26,5,6,600000
F-7,26,6,6,1100000
F-7,36,4,5,650000
Bahria,10,2,4,130000
I-8,12.4,6,6,275000
I-8,14,6,6,280000
Bahria,5,6,4,75000
F-8,20,5,5,850000
F-6,26,5,6,600000
DHA,12,3,4,100000
F-7,22,5,4,1751000
Bahria,5,3,4,65000
G-13,4,4,4,110000
Bahria,5,3,3,65000
G-13,4,4,4,110000
Bahria,10,5,5,150000
G-13,12,6,6,300000
G-13,12,6,6,300000
G-13,12,6,6,229999
Bahria,10,6,6,130000
F-7,48,5,6,1300000
Bahria,5,3,4,65000
G-6,40,7,6,2350000
Bahria,5,4,3,65000
F-6,32,10,5,630000
G-13,12,6,6,260000
F-7,42,6,6,760000
G-13,10,6,6,229999
G-13,12,6,6,300000
G-13,10,6,6,240000
F-6,20,6,6,650000
G-13,12,6,6,250000
F-6,20,6,6,550000
G-13,12,6,6,300000
Bahria,10,4,4,125000
F-7,40,5,5,700000
Bahria,10,4,4,125000
F-7,26,4,5,750000
F-8,32,5,5,1050000
DHA,20,6,6,170000
F-8,36,5,6,1100000
F-7,22,5,6,480000
F-8,42,6,6,760000
F-7,26,6,6,930000
G-9,8,5,5,250000
Bahria,5,3,3,60000
I-8,14,6,6,300000
DHA,20,6,6,170000
F-8,64,4,5,1300000
E-7,26,5,6,1500000
F-8,20,5,6,530000
F-7,60,6,6,1200000
F-7,60,5,6,2300000
F-6,20,6,6,650000
F-6,26,6,6,850000
F-8,40,5,6,800000
F-8,26,5,6,700000
F-7,64,5,6,2200000
F-7,26,4,5,700000
F-8,26,6,6,650000
F-8,40,6,6,1030000
E-7,32,4,5,750000
DHA,20,5,6,250000
F-8,22,4,5,700000
Bahria,5,3,3,70000
F-7,24,4,5,470000
Shah,20,4,4,65000
Bahria,5,3,4,70000
Bahria,10,5,5,125000
F-8,20,4,5,400000
F-7,64,7,6,1900000
F-7,22,5,6,800000
E-7,40,4,4,760000
DHA,10,4,5,150000
Zaraj,20,6,6,200000
E-11,8,5,6,200000
F-10,32,7,6,750000
F-10,22,5,6,500000
I-10,6,4,4,100000
E-7,26,5,6,1000000
Soan,12,7,6,114999
E-7,44,4,4,670000
F-6,26,6,6,670000
E-7,44,6,6,1450000
DHA,20,6,6,170000
F-7,60,5,6,2900000
F-7,26,6,6,1150000
F-6,48,6,6,1150000
F-6,17.8,4,4,630000
F-8,28,4,5,600000
Bahria,5,3,3,68000
DHA,20,6,6,170000
F-7,40,6,6,2000000
F-6,26,5,6,620000
F-6,24,5,6,550000
DHA,20,6,6,170000
F-7,22,4,5,500000
F-6,40,4,5,550000
F-8,50,8,6,1300000
Bahria,10,5,5,150000
F-8,26,6,6,700000
F-7,26,6,6,1075000
DHA,10,5,5,150000
Bahria,5,3,4,68000
F-11,14,5,6,430000
F-6,40,8,6,580000
F-6,40,8,6,580000
I-8,14.2,6,6,310000
F-7,48,5,6,1300000
F-7,26,5,6,600000
E-7,44,5,6,1200000
F-7,80,2,3,1200000
E-7,40,4,5,690000
H-13,12,8,6,150000
E-7,36,5,6,700000
DHA,20,5,6,280000
Bahria,10,4,5,100000
E-7,40,6,6,2700000
F-7,40,7,6,3000000
F-7,60,7,6,2500000
F-6,40,4,4,1230000
F-8,36,6,6,675000
F-8,24,6,6,500000
Bani,10,5,5,130000
F-11,14,5,6,430000
F-6,60,5,6,1300000
I-8,14.2,6,6,280000
F-6,40,4,4,1230000
Bani,20,6,6,250000
I-8,14.2,6,6,300000
Bahria,10,5,6,130000
F-7,26,6,6,1100000
I-8,1.1,1,1,40000
I-8,14.2,6,6,280000
F-7,60,7,6,2700000
G-13,10,6,6,240000
E-7,40,4,5,730000
F-6,22,5,5,550000
DHA,20,5,6,250000
F-8,40,7,6,3000000
F-8,20,5,5,500000
F-8,20,2,2,360000
F-6,60,6,6,2400000
Bahria,5,3,4,60000
F-7,28,4,5,730000
D-12,4,3,4,90000
F-6,40,5,6,1000000
F-7,17,10,6,1018000
F-10,20,5,5,500000
G-13,10,4,5,150000
D-12,4,3,3,110000
F-7,26,4,5,715000
DHA,11,3,4,110000
F-10,20,5,5,400000
F-6,26,5,6,600000
F-7,40,6,6,1050000
F-8,20,4,4,990000
E-7,38,5,5,1475000
G-11,7,5,6,160000
F-8,20,6,6,950000
G-13,14.2,7,6,400000
I-8,14,5,5,270000
DHA,20,6,6,220000
I-10,6,3,3,85000
F-11,20,7,6,400000
F-10,20,5,5,350000
F-7,24,4,5,600000
DHA,20,5,6,180000
Bahria,10,5,5,150000
F-7,32,5,6,1200000
F-6,24,4,4,700000
F-7,26,5,6,1000000
G-6,48,3,4,1500000
DHA,20,6,6,200000
F-7,24,5,6,1000000
DHA,11,3,4,110000
F-11,6.6,5,5,250000
G-6,40,4,5,1100000
G-13,10.9,5,5,200000
G-11,5,3,3,120000
F-6,20,4,4,400000
F-8,20,7,6,700000
DHA,11,3,4,90000
F-8,20,6,6,850000
E-7,36,4,4,700000
Bahria,10,5,6,150000
Bahria,12,5,6,125000
F-8,20,5,5,500000
E-7,24,4,4,500000
F-6,72,6,6,3050000
F-7,20,6,6,1350000
F-7,20,5,6,1300000
F-7,24,9,6,1200000
F-10,20,5,5,450000
F-10,20,5,5,400000
E-11,10,5,4,190000
F-10,20,5,5,300000
F-6,48,9,6,2100000
F-10,20,5,5,450000
F-7,8.9,3,3,750000
G-10,36,3,3,300000
F-10,26,5,6,650000
DHA,20,7,6,130000
F-6,20,6,6,1350000
E-7,40,6,6,1500000
F-6,24,2,3,450000
F-6,26,6,6,1300000
DHA,20,6,6,270000
F-6,32,6,6,1400000
Kuri,20,5,6,200000
E-7,40,4,5,1050000
E-11,20,9,6,600000
F-7,24,5,6,1050000
F-7,60,5,6,2300000
F-7,26,6,6,1100000
DHA,20,6,6,300000
F-8,26,5,6,950000
F-8,40,7,6,1300000
DHA,20,6,6,220000
G-13,10.9,6,6,220000
F-8,24,6,6,500000
F-7,26,4,4,800000
F-6,20,6,6,650000
DHA,20,5,5,200000
Gulberg,7,4,6,120000
F-6,26,6,6,850000
D-12,4,3,3,100000
Bahria,20,6,6,320000
D-12,4,4,4,80000
F-7,40,5,6,1050000
D-12,10,5,5,300000
F-6,48,4,5,1000000
F-7,24,4,4,700000
DHA,20,5,6,240000
F-7,40,6,6,1300000
E-11,10.9,4,5,190000
DHA,20,6,6,260000
G-13,14,6,6,245000
E-7,36,4,5,750000
F-8,20,4,5,400000
F-8,28,6,6,1200000
F-7,26,6,6,1100000
DHA,20,5,5,200000
F-7,40,6,6,1100000
F-7,24,4,5,1000000
F-8,80,11,6,1800000
F-8,20,6,6,800000
F-8,24,4,5,650000
F-8,20,5,5,430000
F-8,20,4,5,450000
F-8,48,6,6,2400000
F-8,24,5,6,500000
F-7,40,6,6,1200000
F-7,36,6,6,700000
E-7,32,5,6,1000000
F-6,26,5,6,620000
F-8,36,6,6,680000
E-11,20,6,6,300000
F-7,60,5,6,2300000
F-7,24,4,5,550000
G-13,10,6,6,200000
E-7,48,6,6,1300000
F-8,56,6,6,1100000
G-11,8,4,5,170000
F-7,50,5,6,2500000
F-6,44,7,6,2500000
F-6,22,6,6,600000
F-6,40,5,6,800000
F-7,26,8,6,1100000
G-13,10,6,6,185000
F-7,26,7,6,1000000
B-17,24,6,6,210000
DHA,10,3,3,90000
DHA,10,4,5,135000
F-10,20,5,5,400000
Bahria,10,5,6,130000
F-7,30,5,6,600000
Bahria,5,3,4,65000
G-6,22,5,6,700000
F-7,26,6,6,650000
F-6,42,5,6,800000
F-6,40,5,6,1000000
F-6,40,6,6,1450000
D-12,10,9,6,315000
F-7,48,6,6,2500000
G-13,4,4,4,95000
DHA,20,6,6,250000
E-11,8,9,6,400000
Bahria,10,5,5,135000
F-8,40,5,6,800000
Bahria,5,3,3,65000
F-8,26,6,6,800000
Bahria,5,3,4,60000
Bahria,5,3,4,66000
F-8,80,8,6,2200000
F-8,26,4,5,800000
F-8,48,7,6,2100000
F-7,80,5,6,2000000
Naval,5,4,4,65000
DHA,10,4,5,160000
F-8,40,4,5,1300000
F-8,20,6,6,575000
F-8,40,6,6,1500000
F-7,20,5,6,530000
F-8,36,6,6,730000
E-7,40,7,6,1500000
F-10,20,5,5,400000
F-8,24,5,6,500000
I-14,6,5,6,70000
Mumtaz,8,5,6,65000
F-11,10,5,6,250000
Bani,12,2,3,60000
E-7,44,4,4,650000
F-8,26,6,6,919999
I-10,6,2,2,60000
F-7,20,6,6,775000
Bani,7,4,5,80000
E-7,24,4,4,484999
F-7,36,6,6,730000
F-10,26,5,5,400000
F-7,20,4,5,575000
F-7,40,5,6,1230000
F-10,20,4,4,300000
DHA,20,5,6,185000
DHA,40,6,6,300000
F-6,80,4,5,1400000
E-11,20,6,6,300000
F-6,26,6,6,650000
I-8,14.2,6,6,310000
E-11,20,6,6,300000
DHA,20,6,6,260000
E-11,20,6,6,300000
E-11,20,6,6,300000
Bani,5,3,4,49000
F-6,17.8,4,4,350000
F-7,40,6,6,1400000
F-11,26,9,6,700000
F-10,24,5,6,700000
E-11,10.1,4,4,190000
F-7,60,5,6,2300000
Pakistan,10,5,6,90000
F-7,22,5,6,800000
E-7,36,4,5,750000
Top,20,8,6,280000
E-11,20,5,6,250000
G-15,8,4,5,75000
Emaar,28,5,5,155000
F-7,26,6,6,1100000
DHA,10,4,5,130000
G-15,7,4,6,80000
F-10,16,5,5,325000
F-8,20,4,5,430000
F-15,20,9,6,200000
PWD,20,11,6,325000
PWD,12,6,6,250000
F-6,26,6,6,850000
F-6,20,6,6,650000
E-7,40,5,5,800000
Pakistan,20,8,6,250000
D-12,5,4,4,120000
Bahria,20,6,6,225000
G-11,8,4,4,200000
PWD,20,7,6,160000
F-6,36,6,6,715000
F-6,19.5,5,6,530000
F-6,40,4,5,1230000
G-13,10.9,6,6,200000
F-6,17.8,6,6,715000
G-13,7,5,6,165000
F-10,24,4,5,550000
F-8,40,6,6,1200000
F-7,20,6,6,800000
F-11,7,4,4,220000
Bani,10,2,3,60000
F-7,20,5,5,1300000
F-6,26,4,5,1000000
F-11,20,6,6,500000
F-11,24,6,6,650000
F-6,40,6,6,750000
F-10,20,5,5,500000
F-7,20,6,6,630000
F-8,24,5,6,800000
D-12,4,5,5,140000
G-13,14,10,6,300000
E-11,8,4,4,200000
F-10,24,4,5,425000
Bahria,10,5,6,150000
E-11,10,7,6,280000
F-8,26,5,5,750000
Bahria,10,5,6,130000
Bahria,10,4,4,110000
F-6,26,6,6,670000
F-6,40,6,6,1100000
F-6,60,6,6,2400000
Bani,14,6,6,130000
DHA,20,3,5,150000
G-6,40,3,4,1000000
Bani,14,2,3,100000
Bani,12,3,4,85000
G-6,48,4,5,1200000
F-8,18,6,6,1050000
Bahria,5,4,4,70000
G-10,6,4,3,120000
F-7,26,4,5,800000
Mumtaz,6,4,4,65000
Mumtaz,5,5,5,60000
D-12,8,4,4,180000
DHA,11,3,4,100000
I-8,14.3,8,6,400000
D-12,4,3,3,100000
G-13,7,6,6,160000
G-6,80,8,6,2200000
F-10,20,5,5,375000
D-12,4,4,4,80000
D-12,10,5,5,300000
DHA,20,6,6,225000
G-13,4,4,4,110000
E-11,20,9,6,550000
E-11,20,10,6,1000000
Bani,15,7,6,185000
G-13,4,4,4,89000
F-7,24,7,6,1100000
G-13,8,5,6,160000
G-9,12,5,5,270000
F-6,20,6,6,650000
G-10,9,5,5,180000
G-13,7,6,6,160000
E-11,7.1,3,3,130000
E-11,20,6,6,330000
G-13,20,6,6,365000
Bahria,10,5,6,150000
B-17,4,3,3,45000
I-9,7,5,3,90000
Bani,10,6,6,130000
B-17,5,4,4,50000
G-13,14.2,6,6,400000
F-8,26,4,5,650000
G-13,14,7,6,250000
Emaar,28,4,5,150000
F-7,60,5,6,2300000
F-8,20,4,5,400000
F-7,40,5,6,2900000
F-8,42,6,6,750000
F-10,13.3,3,3,300000
F-6,20,6,6,650000
F-6,60,4,5,1400000
G-10,24,5,5,450000
Bahria,10,5,6,150000
F-7,24,5,5,650000
F-7,24,6,6,600000
G-13,4,4,4,90000
F-10,26,6,6,400000
Bani,14,2,3,75000
Bahria,5,3,4,75000
National,5,3,3,50000
F-8,22,6,6,930000
F-8,22,4,5,430000
F-8,40,6,6,1030000
F-7,24,5,6,1050000
F-8,26,6,6,1100000
F-11,40,5,6,600000
F-7,60,5,6,2300000
F-8,22,4,5,430000
G-8,10,4,4,325000
E-11,10,4,4,229999
Emaar,24,5,5,150000
I-8,12,3,3,170000
F-10,20,5,6,600000
G-10,6,4,4,200000
F-6,44,6,6,1100000
E-7,26,6,6,1100000
F-6,24,4,4,400000
DHA,20,5,5,250000
G-11,4.4,3,2,100000
G-11,5.6,5,5,120000
F-6,24,5,6,540000
Bahria,20,6,6,260000
F-10,20,5,6,700000
G-13,4.4,4,5,100000
Soan,6,2,2,43000
F-8,56,5,6,1290000
DHA,10,4,5,110000
F-7,26,5,5,625000
F-6,44,6,6,1500000
DHA,10,5,6,120000
F-8,32,4,5,1000000
DHA,20,5,6,250000
DHA,20,5,6,200000
B-17,5,3,3,45000
F-8,36,5,5,650000
I-10,6,4,4,70000
D-12,10,4,5,280000
G-11,9.3,3,3,90000
D-17,10,10,6,120000
E-7,28,4,5,580000
DHA,20,6,6,180000
DHA,4,3,3,70000
Soan,8,2,3,45000
G-13,10,4,4,130000
National,10,5,6,100000
D-12,4,3,3,100000
PWD,10,5,6,95000
National,20,8,6,150000
Shehzad,9,2,3,60000
I-14,7,4,5,55000
Bani,18,6,6,130000
Gulberg,10,7,6,120000
E-7,48,6,6,1400000
DHA,10,5,6,120000
F-8,24,5,6,600000
DHA,30,5,5,229999
DHA,10,5,6,110000
DHA,20,6,6,180000
B-17,8,3,3,38000
FECHS,8,5,6,72000
Gulberg,200,6,6,2500000
Korang,20,5,5,120000
DHA,20,7,6,160000
Soan,12,6,6,120000
Gulberg,10,5,5,130000
I-14,5,2,2,33000
Top,20,8,6,250000
D-17,7,4,5,80000
Margalla,8,4,3,97000
F-8,24,4,5,400000
Pakistan,5,4,4,65000
F-8,26,5,6,1000000
I-10,6,3,3,85000
F-7,120,5,6,2700000
F-7,26,6,6,700000
PWD,10,4,4,95000
Faisal,8,5,6,90000
Bani,20,3,3,59000
E-11,16,10,6,400000
National,7,5,6,60000
Bahria,10,7,6,245000
Bahria,5,3,4,65000
Bahria,5,3,5,65000
Bahria,10,4,5,140000
Bahria,8,4,4,100000
G-11,8,4,4,160000
Bahria,5,3,5,75000
Bahria,10,4,5,155000
Bahria,5,3,4,70000
Bahria,5,3,4,70000
F-8,17.8,6,6,730000
F-6,20,4,4,599000
F-6,36,4,4,675000
Bahria,5,3,4,65000
F-8,20,5,6,530000
F-8,20,5,6,509999
Bani,10,3,4,55000
F-6,20,5,6,850000
Shehzad,8,6,6,100000
Bani,7,4,4,75000
F-7,36,7,6,699000
E-7,80,7,6,6000000
F-6,24,5,6,600000
F-7,28,5,5,650000
I-8,14.2,6,6,300000
F-11,6.6,4,5,210000
DHA,10,4,5,140000
DHA,10,4,5,140000
DHA,20,6,6,170000
DHA,10,4,5,140000
DHA,20,6,6,170000
DHA,20,6,6,170000
DHA,10,4,5,110000
DHA,5,5,6,75000
I-8,14.2,6,6,300000
I-8,14.2,6,6,350000
DHA,10,4,5,110000
DHA,20,6,6,170000
E-7,40,4,5,750000
E-7,44,6,6,1450000
F-6,24,4,5,580000
F-8,44,6,6,750000
F-8,30,6,6,800000
DHA,20,6,6,280000
D-12,4,4,4,100000
PWD,20,6,6,150000
Bani,7,4,6,65000
National,20,6,6,150000
F-6,64,9,6,2400000
F-6,26,4,5,950000
Bani,40,2,2,90000
PWD,20,6,6,150000
G-15,20,8,6,229999
F-8,40,5,6,750000
D-12,4,4,4,140000
National,20,6,6,150000
F-8,22,5,6,1200000
E-7,60,7,6,2600000
G-11,5.6,3,3,165000
F-8,24,6,6,1300000
F-8,36,5,6,650000
F-6,26,6,6,850000
F-7,24,4,5,470000
E-7,22,3,4,650000
D-12,10,4,4,290000
F-7,26,4,5,600000
F-7,22,4,5,550000
F-6,20,4,4,300000
F-6,20,6,6,550000
F-6,20,3,3,350000
F-7,40,5,5,700000
F-7,40,6,6,700000
B-17,20,3,5,75000
F-6,20,6,6,550000
F-7,40,5,5,700000
F-6,20,3,3,350000
F-8,22,4,5,400000
F-7,40,6,6,700000
F-7,24,5,6,480000
F-6,20,3,3,350000
F-6,20,4,4,300000
F-11,24,5,5,350000
F-11,26,4,4,600000
F-11,24,5,5,350000
F-11,24,5,5,350000
F-11,24,5,5,350000
F-11,26,4,4,600000
E-7,80,5,5,1000000
E-7,80,5,5,1000000
F-11,26,4,4,600000
F-11,24,5,5,350000
F-11,26,4,4,600000
F-11,26,4,4,600000
F-11,24,5,5,350000
F-11,26,4,4,600000
E-7,80,5,5,1000000
F-11,26,4,4,600000
E-7,80,5,5,1000000
F-11,24,5,5,350000
F-11,24,5,5,350000
F-11,26,4,4,600000
F-11,24,5,5,350000
F-11,24,5,5,350000
F-8,24,5,6,500000
E-7,80,5,5,1000000
G-11,5,4,4,120000
F-7,24,5,6,825000
F-6,24,6,6,670000
F-6,60,6,6,2400000
E-7,80,4,5,6000000
G-13,4,4,4,110000
F-7,26,5,6,1000000
Bahria,20,6,6,254999
Bahria,5,3,3,75000
F-10,1.8,1,1,45000
G-15,40,10,6,380000
F-15,12,6,6,135000
DHA,20,5,5,210000
Bahria,5,3,4,60000
Zaraj,10,5,6,150000
G-15,12,6,6,140000
G-15,20,6,6,235000
G-15,12,7,6,137000
F-11,20,6,6,380000
F-10,20,6,6,370000
DHA,20,5,5,200000
DHA,20,5,5,229999
E-7,40,7,6,1500000
DHA,20,5,5,210000
F-6,40,4,5,1230000
F-7,36,7,6,680000
F-8,48,6,6,1000000
F-8,48,6,6,1000000
F-8,26,5,6,490000
DHA,10,3,4,130000
F-8,20,6,6,730000
F-6,17.8,6,6,800000
E-7,40,4,4,869999
E-7,44,4,4,670000
F-10,12,3,3,300000
F-8,26,4,5,730000
F-6,24,6,6,675000
F-7,44,5,6,969999
I-8,14.2,6,6,350000
I-8,14.2,5,5,350000
I-8,14.2,6,6,350000
Bahria,5,3,3,56000
G-13,4,3,2,48000
I-8,14.2,6,6,300000
I-8,14.2,6,6,300000
Gulberg,1380,2,2,130000
F-7,26,5,5,650000
F-7,80,6,6,1500000
G-13,10,6,6,190000
I-10,4,4,2,75000
G-13,10,6,6,229999
F-7,60,5,6,1200000
F-7,60,5,6,1200000
F-7,60,5,6,1200000
F-7,26,5,6,1400000
F-7,60,5,6,1200000
G-13,14,8,6,500000
F-7,60,5,6,1200000
F-6,24,5,5,430000
F-6,32,4,5,660000
I-10,4,4,2,70000
F-7,32,4,5,750000
F-7,24,4,5,720000
E-7,26,5,6,620000
F-8,30,5,5,1200000
F-7,26,6,6,940000
F-6,16,5,5,873000
F-11,20,6,6,470000
DHA,20,5,6,280000
F-10,20,5,5,450000
F-7,20,3,3,350000
Bahria,10,5,6,135000
F-8,17.8,6,6,530000
F-8,48,6,6,2500000
F-6,17.8,6,6,530000
Korang,6,5,6,82000
F-6,44,6,6,1200000
E-7,40,4,5,750000
G-10,6,4,4,180000
F-8,26,5,6,850000
F-8,24,4,5,700000
Bahria,10,5,6,150000
G-6,40,6,6,4000000
G-13,4.4,4,4,90000
G-6,40,6,6,4000000
D-12,4,3,5,114999
E-7,64,7,6,2900000
D-12,4,4,4,120000
D-12,4,3,3,100000
D-12,4,3,3,120000
D-12,4,3,4,150000
D-12,4,3,4,150000
G-6,40,6,6,4000000
Bahria,10,4,5,125000
F-8,26,6,6,1100000
E-7,26,5,6,620000
D-12,4,3,5,114999
G-13,10,6,6,225000
F-7,68,10,6,1800000
F-8,26,5,6,600000
F-7,40,5,6,2900000
F-7,24,5,6,450000
DHA,12,3,4,110000
F-8,24,5,5,450000
DHA,10,5,5,160000
G-6,20,3,3,1500000
F-6,40,4,4,1230000
I-8,14.2,6,6,315000
F-7,30,6,6,1300000
DHA,20,5,5,155000
F-7,26,6,6,1100000
F-6,24,5,5,450000
F-7,40,6,6,1900000
F-7,44,5,6,2500000
F-7,24,5,6,570000
F-8,24,5,6,500000
E-7,40,4,4,650000
F-7,40,5,6,600000
National,20,6,6,110000
I-8,14.2,6,6,370000
F-8,24,4,5,700000
G-13,8,5,6,160000
I-10,6,5,4,120000
F-7,20,5,5,500000
Ghauri,5,4,4,52000
DHA,20,6,6,270000
Bahria,10,5,6,150000
I-8,14,6,6,300000
F-7,26,4,4,650000
I-8,14,6,6,250000
I-8,14,3,3,180000
G-13,4,4,4,80000
F-8,26,5,6,869999
F-8,17.8,6,6,750000
F-8,20,5,6,499000
F-8,20,6,6,800000
F-8,36,7,6,730000
F-8,40,4,5,1250000
G-7,20,6,6,900000
G-13,10.9,6,6,195000
F-7,20,4,4,450000
G-13,8,6,6,300000
G-13,14.2,8,6,350000
F-7,40,5,5,2900000
F-7,40,5,5,2900000
F-7,40,5,5,2900000
F-10,22,4,4,425000
I-10,5,5,6,110000
F-7,20,5,5,450000
I-10,5,4,4,110000
DHA,20,5,6,180000
F-11,20,5,5,500000
E-7,36,4,5,700000
F-10,20,6,6,370000
F-7,20,5,6,900000
DHA,20,5,6,200000
F-7,58,5,6,1200000
F-7,60,5,6,2300000
Shah,10.9,5,6,120000
F-7,26,6,6,1100000
F-6,60,4,5,1400000
F-8,24,6,6,500000
F-8,40,7,6,1300000
G-6,30,3,3,1150000
F-10,32,7,6,750000
F-7,20,4,5,450000
Ghauri,5,3,4,28000
Ghauri,5,4,5,55000
F-7,40,7,6,1500000
Ghauri,10,6,6,85000
F-6,24,4,5,630000
F-8,20,4,5,599000
F-6,24,5,6,509999
F-7,20,6,6,730000
F-8,24,5,6,499000
F-11,20,5,5,390000
F-7,24,5,6,499000
F-8,36,6,6,775000
F-7,36,5,6,750000
E-7,60,6,6,2800000
F-6,22,4,5,700000
F-7,26,7,6,1100000
F-7,24,4,5,470000
F-10,32,8,6,780000
F-8,40,4,5,1100000
E-11,20,10,6,450000
E-7,36,4,5,650000
F-7,50,8,6,2500000
F-8,24,6,6,500000
F-11,20,6,6,350000
F-7,22,5,6,800000
Bahria,10,5,5,125000
DHA,20,6,6,250000
E-11,20,8,6,500000
F-8,26,5,5,1115000
DHA,10,7,6,110000
G-13,4.4,4,5,120000
Bahria,10,5,6,0
Bahria,10,5,6,145000
F-8,24,6,6,500000
F-7,40,5,6,2300000
Pakistan,20,8,6,150000
DHA,20,5,6,200000
G-13,10,6,6,200000
G-13,4,4,4,80000
G-13,10,6,6,210000
Bani,24,5,6,250000
DHA,11,3,4,95000
Bahria,10,5,6,150000
F-7,20,3,3,400000
G-10,9.3,3,3,150000
F-8,24,6,6,500000
G-13,4.4,4,5,100000
F-8,40,7,6,1300000
G-14,4.4,5,5,95000
F-8,26,6,6,650000
G-9,14.2,6,6,300000
DHA,12,4,5,110000
F-10,20,5,5,400000
E-11,20,5,6,360000
G-10,10,5,6,220000
E-11,20,5,6,350000
G-10,20,5,5,290000
F-6,22,6,6,700000
DHA,20,5,5,180000
G-13,8,5,6,180000
Emaar,14,3,3,80000
G-10,8,4,4,210000
DHA,18,3,4,130000
F-7,40,5,6,1800000
H-13,14,4,4,150000
E-11,20,5,6,300000
G-12,40,11,6,355000
DHA,5,5,5,85000
D-12,5,4,5,160000
B-17,8,4,6,70000
H-13,5,3,3,35000
F-8,24,4,5,850000
G-11,5,4,3,140000
F-11,6,2,2,114999
I-14,5,2,2,25000
B-17,7.2,4,6,70000
F-11,20,5,6,400000
DHA,10,5,5,130000
F-11,26,8,6,750000
Ghauri,4,2,2,25000
DHA,10,2,2,80000
G-13,4,2,2,45000
Top,8,5,6,75000
Top,10,5,6,100000
G-13,10,6,6,200000
DHA,20,5,6,175000
Ghauri,6,6,6,70000
G-13,10,6,6,190000
F-11,40,6,6,700000
F-6,80,4,4,1500000
G-13,7,5,6,165000
Pakistan,5,2,2,32000
E-11,20,7,6,600000
F-7,22,5,6,650000
F-11,20,4,4,350000
F-7,24,5,6,1250000
Bahria,10,5,5,150000
National,5,4,4,55000
F-6,26,5,5,1060000
F-8,20,4,5,900000
DHA,20,6,6,200000
DHA,10,4,5,160000
DHA,20,5,6,200000
E-11,1700,3,3,75000
DHA,20,9,6,360000
G-11,5.6,4,3,130000
G-13,10.9,6,6,200000
G-11,4.4,4,4,125000
G-13,14.2,6,6,400000
DHA,20,7,6,190000
F-10,26,5,5,400000
DHA,20,6,6,190000
F-10,20,5,5,300000
G-13,10.9,6,6,200000
F-10,20,5,5,290000
F-8,20,5,5,400000
DHA,10,4,5,165000
H-13,5,5,6,65000
F-8,42,6,6,2500000
DHA,20,7,6,270000
G-13,14,7,6,240000
Zaraj,11,5,6,150000
F-8,22,7,6,600000
F-8,40,11,6,1400000
F-8,40,8,6,1000000
F-8,19.5,3,4,750000
F-8,26,4,6,1000000
F-8,40,6,6,1500000
F-8,40,7,6,1800000
Park,80,10,6,700000
CBR,12,3,4,60000
F-6,20,6,6,890000
F-6,40,4,5,1350000
F-6,60,7,6,2600000
DHA,20,5,5,225000
F-10,20,5,5,320000
Bani,8,4,5,80000
DHA,20,6,6,210000
Gulberg,7,5,6,100000
Bahria,20,5,6,270000
G-13,14,6,6,200000
G-13,14,7,6,250000
I-8,14.2,6,6,350000
G-13,7,5,6,150000
DHA,20,6,6,170000
F-8,22,4,5,700000
F-7,26,6,6,1150000
Bahria,10,5,5,125000
E-11,10,6,6,280000
Bahria,10,4,5,114999
G-13,10,10,6,600000
Bahria,5,3,4,65000
F-7,26,6,6,1950000
Bahria,10,5,5,150000
DHA,20,6,6,200000
G-8,14.2,6,6,325000
Bahria,10,5,5,122000
F-10,40,8,6,700000
DHA,11,3,3,100000
F-7,40,5,6,1250000
F-11,20,6,6,600000
I-11,5,5,4,100000
F-10,20,5,4,450000
F-7,20,6,5,750000
F-11,40,7,6,709000
DHA,20,7,6,170000
DHA,20,7,6,170000
I-8,14.2,6,6,300000
I-8,14.2,6,6,280000
G-15,7,4,4,85000
G-13,4,4,5,95000
F-7,24,6,6,700000
G-11,7,4,5,190000
G-13,5.6,4,4,95000
F-7,26,5,6,1300000
F-8,40,3,3,750000
F-11,26,3,3,750000
DHA,20,6,6,150000
F-11,20,6,6,530000
E-11,20,5,5,370000
DHA,20,6,6,220000
F-8,40,4,4,923000
Naval,5,4,5,65000
G-13,4.4,4,4,85000
F-10,20,5,5,400000
E-11,20,6,6,500000
E-11,16,6,6,300000
F-8,68,8,6,2200000
Bahria,20,5,5,195000
Bahria,10,4,4,95000
F-7,40,5,6,2900000
G-13,14,7,6,400000
I-8,12.4,6,6,300000
I-8,14.2,6,6,350000
F-7,48,7,6,2100000
Bahria,10,5,6,135000
Bahria,10,5,6,135000
Bahria,10,7,6,250000
Bahria,10,5,6,135000
Bahria,5,3,3,65000
F-11,26,5,6,400000
F-11,20,6,6,375000
F-7,20,8,6,980000
E-11,20,7,6,450000
DHA,20,6,6,250000
F-8,20,5,5,760000
F-8,20,5,6,680000
F-7,48,6,6,1200000
F-11,9.3,5,5,240000
F-10,22,3,3,320000
E-7,40,4,4,700000
Top,20,6,6,250000
E-7,40,4,4,680000
F-6,20,8,6,1000000
DHA,20,5,6,200000
F-6,16,5,6,1050000
F-7,42,6,6,1500000
F-7,20,6,6,3000000
F-6,10.6,4,4,1015000
G-13,4,4,5,80000
Bahria,9,5,6,114999
E-11,20,7,6,450000
Green,10,3,4,68000
Bahria,5,3,4,60000
E-11,16,6,6,330000
Faisal,8,4,5,65000
G-13,4.4,4,5,90000
F-10,20,5,5,375000
F-6,40,8,8,850000
F-7,40,5,5,450000
F-11,10,4,4,250000
F-7,26,6,7,650000
F-7,36,5,5,400000
E-11,16,9,6,1250000
F-8,4.4,6,6,600000
Bahria,5,3,5,65000
F-11,20,8,6,425000
G-13,4,4,5,100000
G-13,4,5,5,95000
F-7,26,6,6,1950000
Chatha,5,2,3,32500
DHA,10,5,6,105000
DHA,20,6,6,170000
DHA,20,6,6,170000
F-7,60,5,6,2300000
G-15,14,10,6,180000
F-8,40,6,6,1300000
E-11,8,3,3,190000
Bani,20,7,6,135000
Gulberg,7,5,6,120000
F-7,26,5,5,750000
Bani,6,4,5,65000
Bahria,20,5,6,300000
F-8,20,3,3,254999
Bahria,5,3,4,70000
G-10,20,6,6,350000
I-8,14.2,6,6,280000
I-8,14.2,6,6,280000
E-11,16,7,6,300000
I-8,14.2,6,6,280000
I-8,14.2,6,6,280000
I-8,14.2,6,6,300000
G-11,8,6,5,250000
Bani,5,4,4,50000
F-7,40,6,6,900000
Bani,10,3,3,70000
Bani,60,5,6,250000
DHA,10,4,4,140000
Bani,15,7,6,75000
Bani,10,3,3,85000
Bani,5,4,4,50000
Bani,12,3,4,90000
Bani,6,4,5,80000
F-8,22,5,6,475000
Bani,20,8,6,229999
Bani,20,6,6,250000
Bani,70,6,6,250000
Bahria,5,3,3,65000
F-11,20,4,4,360000
Bahria,5,3,3,65000
F-7,32,6,6,1200000
Bahria,5,3,3,72000
E-11,10,4,4,210000
F-11,20,5,5,350000
F-11,20,6,6,450000
DHA,20,7,6,210000
E-11,10,4,4,200000
I-8,14.2,6,6,300000
I-8,14.2,6,6,350000
D-12,4,4,5,120000
D-12,8,5,5,190000
D-12,4,4,4,110000
G-6,48,7,6,2000000
D-12,10,6,6,200000
D-12,14,5,5,350000
D-12,4,3,4,110000
DHA,20,6,6,260000
D-12,5.5,3,4,120000
F-8,24,5,6,1400000
DHA,20,6,6,200000
DHA,20,5,6,200000
DHA,10,4,4,150000
DHA,10,4,4,150000
DHA,20,5,6,200000
DHA,20,6,6,240000
DHA,20,6,6,170000
DHA,20,3,4,160000
DHA,20,6,6,250000
F-10,20,5,5,300000
F-10,20,6,6,600000
F-10,20,4,3,250000
F-7,22,6,6,750000
Soan,10,6,6,90000
I-8,20,5,5,450000
DHA,5,3,4,95000
G-13,10,7,6,210000
F-7,100,5,5,2200000
Bahria,10,5,5,150000
F-10,10,5,6,250000
G-11,20,5,6,210000
G-11,10,4,5,150000
Bahria,10,5,5,140000
F-8,62,10,6,1800000
G-11,20,5,5,229999
F-10,12,5,5,340000
B-17,8,5,6,80000
Bahria,10,4,4,130000
Bahria,5,3,3,75000
F-8,20,4,4,500000
Bahria,8,5,6,105000
Bahria,10,6,6,350000
Bahria,5,3,4,70000
Bahria,8,4,5,97000
Bahria,10,5,6,130000
G-13,10.9,6,6,200000
G-13,8,5,6,160000
DHA,20,9,6,360000
I-8,14.2,6,6,260000
G-13,4.4,4,5,85000
Bahria,10,4,5,100000
F-8,40,6,6,1300000
DHA,20,6,6,200000
National,5,4,4,55000
F-7,130,5,5,3075000
DHA,10,4,5,150000
F-8,20,7,6,1000000
F-7,20,6,6,600000
G-13,8,5,6,150000
F-6,17.8,4,4,550000
G-13,4,4,4,100000
F-7,26,6,6,700000
F-7,20,5,5,500000
I-8,12,5,5,400000
G-11,5,4,4,150000
G-11,20,4,4,200000
Bani,10,3,4,80000
F-6,20,5,5,856000
F-7,20,5,6,1200000
Bani,20,6,6,130000
F-11,16,9,6,500000
DHA,20,6,6,210000
F-8,20,5,5,839000
Bani,8,4,6,85000
DHA,26,6,6,240000
DHA,20,6,6,229999
G-13,14.2,7,6,500000
G-13,10,6,6,200000
F-8,40,6,6,1400000
National,10,5,6,95000
F-10,13.3,4,3,245000
F-11,6,4,4,210000
E-11,7.6,3,3,75000
F-11,26,8,6,700000
Emaar,10,3,4,75000
Bahria,5,3,3,60000
Bahria,10,5,5,150000
DHA,5,3,4,95000
F-8,26,5,6,420000
H-13,8,7,6,95000
F-6,40,6,6,2000000
DHA,20,6,6,300000
Bahria,10,5,5,150000
D-12,4,3,4,120000
F-11,7,2,2,100000
I-10,6,3,3,85000
Bahria,10,5,5,150000
DHA,20,6,6,170000
National,20,4,5,75000
DHA,12,3,4,95000
B-17,5,3,4,47000
F-7,22,4,5,750000
F-6,40,5,5,500000
F-7,40,5,5,700000
G-11,8,5,4,150000
B-17,5,3,4,45000
Bahria,10,5,6,130000
DHA,20,5,6,175000
DHA,20,5,6,210000
F-7,20,5,6,465000
F-6,40,4,4,900000
Bani,15,5,6,130000
F-7,26,5,6,800000
I-10,6,4,3,95000
G-13,7,5,6,145000
F-6,26,6,6,1200000
F-7,26,7,6,1000000
I-10,6,5,5,100000
F-6,20,5,6,1500000
F-7,20,6,6,2000000
F-8,22,4,4,425000
I-10,6,6,6,130000
Soan,20,7,6,165000
G-10,6,5,3,140000
I-10,5,4,4,130000
I-10,6,4,4,100000
F-8,20,7,6,900000
F-8,40,6,6,1200000
DHA,10,4,4,165000
G-13,8,5,6,160000
F-7,26,6,6,1200000
F-6,26,6,6,1300000
I-10,6,5,5,120000
Top,10,5,6,100000
F-7,20,6,6,500000
G-13,14,6,6,260000
E-11,20,5,6,370000
DHA,8,3,3,25000
DHA,20,6,6,300000
F-8,20,4,4,450000
F-8,16,4,4,280000
F-8,32,6,6,800000
DHA,5,2,2,12000
F-8,20,2,2,297000
DHA,10,4,5,130000
DHA,11,4,5,110000
F-8,20,7,6,600000
F-8,40,6,6,1100000
Bahria,20,5,6,180000
F-8,22,5,5,450000
F-7,40,6,6,1200000
F-8,16,4,5,550000
F-7,26,6,6,1000000
D-12,5,5,5,120000
DHA,20,7,6,220000
F-7,17.8,3,4,350000
E-7,40,4,5,1050000
DHA,10,5,5,160000
DHA,10,5,6,140000
E-7,20,2,3,425000
G-13,14,6,6,250000
DHA,20,6,6,270000
G-13,14,6,6,250000
F-7,40,6,6,1200000
Gulberg,7,2,3,40000
Bahria,20,7,6,250000
F-10,20,6,6,450000
E-11,20,5,6,360000
G-11,8,4,5,150000
Bani,9,6,6,75000
Bani,5,2,3,60000
B-17,7,5,5,70000
DHA,20,5,6,200000
F-7,80,5,5,750000
DHA,11,3,4,90000
F-8,20,7,6,700000
Zaraj,10,4,4,100000
F-7,24,6,6,600000
Bahria,20,5,6,300000
F-7,40,6,6,560000
F-6,24,7,7,800000
F-8,20,4,4,500000
G-6,48,5,5,600000
F-7,20,6,6,630000
E-11,20,5,6,370000
F-8,20,4,4,450000
F-11,20,8,6,450000
DHA,10,4,5,130000
F-8,26,6,6,800000
Bahria,10,5,6,150000
Bahria,10,5,6,150000
F-10,26,6,6,450000
Bahria,10,5,6,130000
F-11,20,8,6,480000
F-7,26,7,6,900000
F-7,26,5,5,900000
F-10,26,6,6,500000
F-7,26,7,6,1000000
F-7,40,6,6,1500000
F-8,40,5,5,900000
E-7,17.8,3,3,850000
Bahria,14,5,6,180000
F-10,26,5,6,400000
F-6,20,4,4,380000
F-8,22,5,5,650000
DHA,20,6,6,225000
F-11,10,5,4,250000
Bahria,5,3,3,60000
F-8,26,5,5,370000
F-7,40,4,5,850000
DHA,6,4,5,60000
Bani,10,9,6,130000
Bani,15,5,4,110000
F-8,26,7,8,800000
DHA,20,8,6,260000
F-6,80,5,6,1850000
Bani,30,4,4,160000
Bahria,5,4,4,80000
F-6,88,7,6,3500000
F-11,26,8,6,800000
F-6,17.8,6,6,680000
Ghauri,2,2,2,24000
F-7,26,6,6,500000
F-7,20,6,6,500000
F-6,40,7,6,800000
F-7,26,5,6,400000
B-17,8,4,5,70000
F-8,42,7,6,2000000
Bani,12,6,6,110000
E-7,40,5,6,700000
I-10,6,4,3,90000
E-7,40,5,6,600000
I-10,6,4,3,90000
I-10,6,4,3,85000
I-10,6,4,3,85000
E-7,40,5,5,1000000
I-10,6,4,3,90000
I-10,6,4,3,90000
D-17,14,10,6,140000
D-12,4,4,4,120000
D-17,8,4,4,70000
Bani,5,3,4,46000
G-10,10,6,6,250000
I-14,5,4,5,65000
G-9,12,4,4,180000
E-11,16,5,5,190000
G-11,5.6,3,2,120000
F-6,44,6,6,1200000
F-8,20,6,6,950000
B-17,8,5,5,70000
F-6,26,5,6,620000
I-10,4,4,2,50000
Bahria,10,5,6,150000
Soan,12,7,6,130000
E-11,8,4,4,180000
F-7,22,4,5,1000000
G-6,26,5,6,800000
G-16,7,6,6,150000
DHA,5,3,4,95000
F-8,22,5,6,470000
D-12,4,4,4,120000
I-10,6,5,3,95000
G-15,10,6,6,120000
D-12,10,10,6,330000
G-11,5,3,3,165000
G-13,4.4,3,3,110000
F-15,20,6,6,150000
F-7,26,5,6,600000
Bahria,5,3,4,68000
I-8,10,5,5,280000
E-7,48,4,5,750000
F-10,20,6,6,500000
G-15,7,6,6,120000
Naval,20,6,6,155000
Bahria,10,5,6,140000
Bani,10,6,6,130000
Ghauri,5.5,2,3,25000
Bani,7,3,4,55000
Bani,6,5,6,70000
DHA,20,4,4,280000
I-8,14,6,6,300000
Bahria,5,3,4,70000
Bani,10,4,4,80000
Bani,40,6,6,200000
G-10,10,4,4,160000
Bani,10,4,4,75000
Bani,10,3,3,50000
G-11,5,2,2,65000
Bani,5,4,4,70000
Bani,30,7,6,100000
F-7,8.9,2,2,500000
Bani,7,4,6,75000
Emaar,26,5,5,172000
FECHS,12,7,6,120000
F-11,20,6,6,488999
I-14,7,6,6,110000
F-7,10,3,3,350000
Emaar,26,4,4,150000
F-15,20,6,6,150000
Zaraj,14,6,6,160000
Zaraj,10,4,4,95000
Taramrri,3,2,2,13000
D-12,5,4,2,130000
F-11,20,6,6,400000
D-12,4.4,3,4,110000
D-12,4.4,4,5,110000
G-10,12,6,6,250000
F-11,20,6,6,480000
F-11,20,6,6,300000
F-11,20,7,6,300000
B-17,7,5,5,70000
Margalla,4,4,5,95000
D-12,8,8,6,180000
B-17,20,8,6,140000
Top,10,5,5,114999
Naval,5.6,4,4,70000
F-10,40,7,6,850000
DHA,20,6,6,150000
National,7,4,5,60000
DHA,10,4,4,165000
DHA,10,4,6,110000
Bahria,10,5,5,140000
DHA,20,6,6,300000
Emaar,16,4,5,100000
F-11,20,3,3,175000
I-9,8,4,4,110000
Bahria,10,5,6,150000
Bahria,10,5,6,140000
Bani,5,4,5,70000
Margalla,5,4,5,97000
I-8,20,5,6,300000
E-7,40,5,5,1200000
Pakistan,10,5,6,100000
Soan,12,6,6,110000
F-10,26,6,6,450000
E-7,28,4,4,725000
F-8,20,7,6,969999
DHA,20,3,4,95000
DHA,11,3,4,100000
G-15,20,9,6,250000
Emaar,30,5,6,125000
Pakistan,20,7,6,220000
B-17,5,4,5,45000
E-11,20,6,6,250000
B-17,7,5,5,70000
G-15,9,7,6,140000
D-12,4.4,3,3,85000
G-15,8,5,6,90000
G-15,7,5,6,90000
G-10,24,5,6,430000
G-13,10.9,6,6,240000
FECHS,7,4,4,100000
Bahria,5,3,3,70000
F-6,22,6,6,1100000
F-10,26,5,5,600000
Margalla,8,2,2,70000
PWD,14,2,3,75000
DHA,10,4,5,120000
DHA,10,4,4,160000
DHA,10,4,5,160000
Bani,10,4,6,80000
F-10,24,5,6,500000
F-11,30,5,6,450000
Bahria,20,5,6,300000
F-8,20,4,3,580000
F-11,32,10,6,800000
Bahria,10,5,5,120000
Bani,15,6,6,160000
G-13,4,4,4,110000
Bahria,8,5,5,105000
F-7,7,3,3,400000
F-8,22,4,4,785000
Bani,10,4,5,85000
Mumtaz,6.6,7,6,40000
FECHS,14.2,6,6,120000
DHA,20,5,5,250000
DHA,10,4,4,140000
Bahria,20,6,6,260000
DHA,20,5,5,250000
F-10,20,5,6,400000
G-13,8,5,6,165000
Bahria,10,5,5,120000
Bahria,8,5,6,110000
Shah,8,3,4,85000
Bani,20,6,6,300000
G-13,20,10,6,500000
Soan,6,5,6,70000
Soan,12,7,6,120000
DHA,20,3,3,65000
Bani,30,4,5,80000
Bani,5,2,4,35000
B-17,20,4,4,80000
Ghauri,5,4,5,55000
G-13,4.4,4,5,90000
E-11,20,5,6,360000
D-12,4,6,6,150000
F-7,20,5,5,600000
PWD,10,6,6,120000
Emaar,30,6,6,145000
G-14,14,7,6,250000
G-9,15,5,5,300000
Green,10,4,4,200000
DHA,10,4,4,140000
DHA,11,3,4,100000
G-11,5,4,4,120000
Bahria,5,3,4,59000
F-11,40,6,6,600000
F-6,14,5,5,570000
Pakistan,5.6,2,2,35000
Emaar,20,5,6,130000
G-11,7,4,4,190000
B-17,7,4,4,70000
F-6,13,6,6,750000
Bahria,5,3,3,65000
Bahria,10,5,5,105000
Gulberg,10,5,5,130000
Bahria,10.9,4,4,110000
G-13,4,4,5,90000
G-13,4,4,4,110000
Gulshan-e-Khudadad,5,2,2,35000
D-17,10.7,10,6,90000
PWD,20,7,6,200000
G-10,14,6,6,350000
G-13,14.2,7,6,250000
G-9,6,3,2,110000
G-10,14,3,3,150000
G-13,10,7,6,200000
G-13,20,6,6,375000
G-13,7,5,6,155000
I-14,6,4,5,75000
Bahria,20,6,6,229999
Bani,10,3,3,70000
B-17,7,5,5,70000
Pakistan,11,11,6,175000
G-13,4,4,4,90000
DHA,10,5,5,130000
H-13,5,6,6,50000
Bahria,5,3,3,70000
DHA,10,5,5,140000
National,10,5,6,95000
PWD,12,6,6,220000
G-13,14,10,6,650000
Bahria,5,3,3,75000
National,20,7,6,120000
G-13,10,6,6,200000
G-13,10,6,6,210000
Bahria,5,3,5,80000
G-10,15,10,6,465000
G-13,4,4,4,88000
National,20,7,6,120000
National,10,4,5,100000
DHA,20,6,6,250000
G-6,40,5,5,800000
G-13,7,5,6,160000
G-13,14,7,6,250000
I-10,9,4,4,95000
G-14,10,7,6,225000
DHA,20,9,6,325000
G-13,7,5,6,150000
DHA,20,3,3,180000
G-13,4,4,5,95000
DHA,11,3,3,105000
E-7,40,4,4,650000
G-13,14,7,6,275000
G-9,6.7,3,2,130000
DHA,20,5,5,200000
E-11,88,2,2,250000
E-11,88,2,2,250000
G-13,4.4,5,5,92000
National,5,3,4,57000
F-6,20,6,6,600000
F-11,20,9,6,400000
F-6,20,5,5,550000
F-17,8,5,6,75000
G-9,14.2,5,4,200000
F-17,14,6,6,110000
F-17,10,3,4,42000
G-13,7,4,4,155000
DHA,10,5,6,125000
I-9,8.4,2,2,65000
D-12,4,4,5,110000
I-9,5,3,2,75000
DHA,20,5,6,240000
G-7,5,4,2,110000
G-10,7.3,5,5,200000
G-6,20,5,6,750000
F-6,17.8,6,6,530000
G-8,5,4,2,110000
G-10,14,3,3,125000
I-11,6,5,6,140000
I-10,9,4,4,95000
DHA,10,4,5,110000
I-8,12,5,5,260000
G-15,14,4,4,70000
G-9,6.7,4,2,120000
PWD,20,11,6,350000
B-17,5,3,3,55000
Bani,5,5,5,50000
Pakistan,20,6,6,180000
I-10,6,3,2,100000
E-17,4500,3,4,45000
E-11,10,4,4,200000
National,20,6,6,150000
Bahria,10,4,4,137000
DHA,10,5,6,150000
G-13,10,6,6,185000
G-13,10,6,6,285000
G-13,10,6,6,210000
G-13,10,5,5,140000
DHA,11,3,4,110000
DHA,20,5,6,180000
G-11,5,3,3,135000
E-7,20,4,5,450000
F-7,20,5,5,600000
G-6,40,5,5,800000
B-17,8,4,5,85000
G-10,18,3,3,130000
I-8,12,6,6,300000
Bahria,5,3,4,70000
Bahria,8,2,2,54000
Bahria,10,5,5,145000
Bahria,10,4,4,140000
DHA,20,5,6,225000
G-14,4,4,4,100000
F-8,26,5,5,1050000
DHA,10,4,5,150000
DHA,20,6,6,250000
DHA,10,3,4,100000
F-10,20,5,5,400000
Zaraj,20,6,6,200000
Bahria,10,5,5,140000
G-9,14.2,5,5,200000
DHA,20,5,6,180000
DHA,10,5,5,160000
Bahria,10,5,5,160000
G-10,6.7,3,3,130000
I-8,12,3,3,180000
G-11,22,10,6,1200000
F-8,16,4,5,500000
Top,10,4,4,110000
F-8,48,6,6,1000000
G-13,7,4,4,170000
E-11,16,6,6,325000
G-13,7,6,6,150000
G-13,20,6,6,400000
G-13,14,6,6,500000
DHA,20,3,4,140000
Bahria,20,5,5,300000
G-13,10,6,6,250000
G-13,4,4,4,100000
F-7,24,7,6,750000
Bahria,5,3,3,70000
Bahria,10,5,6,150000
G-10,6.7,4,4,125000
F-8,22,5,6,700000
DHA,10,4,4,114999
Bahria,10,4,4,135000
E-11,10,6,6,290000
G-10,10.7,4,4,160000
E-7,20,3,4,700000
F-8,22,4,5,700000
DHA,10,5,6,135000
F-10,34,6,6,800000
F-7,26,4,5,650000
G-13,7,4,4,150000
G-10,10,7,6,265000
Ghauri,7,3,3,38000
G-13,14.2,5,6,250000
PWD,5,4,4,60000
G-13,4,4,5,90000
National,5,4,4,60000
F-10,40,6,6,700000
Naval,20,3,3,165000
E-11,10,5,5,320000
PWD,20,6,6,350000
Bahria,10,5,5,135000
H-13,5,2,3,40000
Bahria,8,5,6,100000
G-13,4,4,4,90000
Bani,10,3,5,90000
G-13,8,5,6,140000
B-17,7,2,3,45000
F-10,20,5,5,400000
F-11,20,6,6,400000
G-13,7,5,6,165000
G-13,10,10,6,450000
Bahria,10,2,3,95000
Bahria,50,5,5,385000
DHA,20,5,6,170000
F-7,32,6,6,700000
Bahria,8,5,6,110000
G-13,10,6,6,185000
Ghauri,5,4,6,43000
G-13,11,6,6,240000
F-6,70,5,6,810000
G-11,5,3,2,125000
F-8,40,6,6,1400000
Korang,6,5,5,68000
PWD,10,5,5,120000
Bahria,20,3,3,95000
Bahria,5,3,5,65000
G-13,4,3,5,85000
Soan,7,3,3,49000
F-11,20,4,4,100000
DHA,20,7,6,180000
G-13,10,6,6,240000
G-10,7,3,3,130000
G-10,6,3,2,130000
Bahria,8,5,5,110000
DHA,20,5,6,180000
F-10,40,6,6,700000
Bahria,10,5,5,125000
E-11,6,4,4,150000
DHA,20,6,6,290000
F-11,20,4,6,350000
Bahria,10,6,6,135000
Korang,7,4,5,80000
Bani,7,2,3,40000
Bani,10,4,5,130000
Bahria,10,4,4,95000
I-10,6,3,4,140000
DHA,20,6,6,150000
F-8,30,6,6,800000
DHA,11,3,3,95000
DHA,11,4,5,110000
G-11,5,3,1,65000
DHA,11,4,5,110000
G-11,5,3,3,120000
E-11,20,3,3,150000
E-11,18,6,6,325000
F-8,40,5,5,1000000
DHA,20,6,6,229999
E-11,20,5,6,350000
I-13,5,4,4,50000
D-12,8,5,5,185000
Tarnol,20,6,6,140000
DHA,20,6,6,275000
E-11,16,6,6,300000
I-14,8,2,2,45000
E-11,7,4,4,200000
DHA,20,6,5,260000
I-8,12.4,6,6,280000
DHA,10,4,4,150000
F-6,26,5,6,700000
Bahria,5,3,4,60000
Bahria,10,5,6,135000
DHA,20,4,4,155000
Soan,12,2,3,60000
F-7,26,8,6,1220000
F-8,36,7,6,1700000
F-7,80,6,6,1000000
National,5,3,3,60000
E-7,40,4,5,1050000
F-8,24,5,5,800000
Bani,6,2,3,35000
F-7,24,4,5,500000
Bani,20,6,6,125000
G-6,48,5,5,550000
F-6,24,6,6,900000
F-10,32,6,6,700000
I-10,4,4,2,80000
D-12,14,3,3,110000
F-8,20,7,6,600000
F-8,20,5,5,600000
G-10,7.3,5,2,190000
G-13,8,6,6,300000
I-8,14.2,5,6,280000
E-17,20,3,4,45000
Mumtaz,5.5,4,5,55000
F-10,40,10,6,875000
F-8,26,6,6,1100000
E-11,20,3,3,185000
E-11,10,4,4,210000
DHA,20,6,6,250000
D-12,10,5,5,270000
D-12,8,4,4,200000
I-9,7,4,3,90000
D-12,10,6,6,250000
G-11,5,4,3,120000
D-12,14,6,6,250000
Bani,10,3,4,80000
G-13,7,5,6,150000
F-10,20,5,4,400000
E-7,20,4,4,1050000
G-13,4.4,4,5,100000
G-13,10,6,6,160000
I-10,6,4,4,100000
F-8,24,5,6,750000
I-10,6,4,4,125000
I-10,6,4,4,100000
DHA,5,4,4,50000
G-10,8,7,6,300000
I-8,14.2,6,6,300000
Ghauri,5,4,5,51000
Bani,15.6,4,4,80000
Soan,10,9,6,120000
Ghauri,5,4,5,41000
Ghauri,5,4,3,44000
G-10,14,3,3,130000
Ghauri,5,2,3,32000
Soan,10,3,3,43000
F-11,16,6,6,480000
E-7,20,2,3,350000
F-6,80,7,8,2000000
G-15,12,6,6,120000
PWD,10,5,5,95000
National,5,3,3,55000
FECHS,7,5,6,70000
DHA,20,5,6,190000
DHA,20,5,6,180000
Korang,7,5,6,85000
E-11,20,4,4,400000
DHA,20,6,6,160000
G-13,4,3,3,110000
B-17,8,4,6,55000
B-17,14,6,6,130000
Bahria,10,5,6,145000
DHA,20,6,6,235000
G-13,4.4,4,5,92000
Bahria,20,6,6,270000
F-17,10,6,6,70000
Zaraj,10,4,4,95000
G-13,4.4,4,5,95000
F-8,22,7,6,600000
Shehzad,9,2,3,65000
G-10,8,5,5,170000
G-13,8,5,6,165000
G-16,7,8,6,125000
I-9,6,3,2,65000
G-15,7,4,5,100000
Soan,7,2,3,50000
E-11,10,5,4,200000
I-9,6,4,3,75000
G-13,14,6,6,300000
DHA,20,5,5,200000
Top,6.5,5,6,65000
Top,8,5,6,80000
Ghauri,5,3,3,30000
Pakistan,5,5,5,70000
Khanna,2,4,2,20000
Chak,10,3,4,50000
G-11,5,4,5,135000
FECHS,7,4,6,75000
Zaraj,20,6,6,200000
Top,10,5,6,110000
G-14,4,3,3,100000
Bani,4,4,6,70000
F-6,16,4,5,600000
Green,5,3,3,76000
FECHS,5,5,5,55000
D-12,4,3,3,110000
Faisal,8,4,5,80000
I-14,5,4,4,65000
DHA,14,3,3,80000
G-6,22,4,5,650000
G-13,4.4,4,5,100000
G-13,4,4,4,85000
Soan,9,3,4,60000
Ghauri,5,4,5,42000
FECHS,12,3,4,60000
F-11,20,7,6,450000
Margalla,8,4,3,100000
Naval,5,4,4,70000
FECHS,7,4,5,65000
D-12,4,3,3,110000
D-17,7,4,5,70000
G-10,10,4,4,150000
D-12,380,1,1,45000
B-17,20,9,6,250000
G-15,7,5,4,90000
B-17,20,6,6,150000
F-10,16,4,4,240000
G-13,10,6,6,229999
Bhara,7,4,4,45000
F-6,22,11,6,1500000
F-11,3.6,1,1,64900
DHA,12,3,5,105000
F-10,22,4,4,600000
Soan,20,8,6,150000
Khanna,2.5,4,4,30000
PWD,20,9,6,150000
F-11,40,10,6,825000
F-11,22,5,6,400000
G-11,1250,3,3,120000
B-17,5,3,4,50000
National,5,3,4,55000
G-13,10,7,6,240000
G-10,8,5,5,190000
FECHS,7,5,6,70000
Capital,20,5,6,150000
Soan,7,7,6,75000
Faisal,8,2,3,40000
G-10,8,5,5,190000
D-12,4,3,3,95000
DHA,10,4,5,130000
B-17,18,4,5,120000
G-11,5,3,3,120000
G-9,6,3,2,90000
Faisal,8,6,6,80000
Korang,9,6,6,110000
Ghauri,6,2,3,25000
I-10,5,2,2,50000
Soan,20,10,6,140000
F-10,20,5,6,400000
G-9,6,3,2,120000
G-10,12,3,3,120000
F-11,20,6,6,400000
F-11,20,5,5,260000
G-15,7,4,4,95000
Gulberg,10,5,5,150000
Faisal,3.8,2,2,30000
Gulberg,7,5,5,100000
G-10,20,6,6,300000
G-15,20,6,6,190000
D-12,4.5,3,3,110000
F-8,17.8,4,5,420000
G-9,12,5,4,254999
G-11,5,3,3,100000
Soan,10,5,5,80000
F-15,20,8,6,229999
CBR,10,5,6,80000
G-14,4,4,3,110000
G-14,4,4,5,100000
E-11,20,10,6,1200000
Soan,10,5,6,90000
G-9,14,5,5,250000
D-12,20,6,6,360000
F-11,20,6,6,400000
DHA,20,8,6,470000
F-10,20,5,5,400000
DHA,20,6,6,260000
Bani,18,6,6,130000
Pakistan,10,3,3,55000
G-9,14,2,3,100000
F-10,26,2,2,140000
Bani,10,4,5,130000
G-11,7,4,4,170000
DHA,20,5,5,170000
G-13,10,7,6,200000
G-6,48,6,6,1000000
G-10,7,4,4,180000
F-11,16,8,6,325000
Faisal,8,5,6,90000
G-10,12,6,6,300000
F-8,26,6,6,800000
G-11,5,2,2,55000
Naval,5,2,2,32000
B-17,10,9,6,130000
F-11,20,5,6,315000
E-11,3.6,2,2,9000
E-11,4,2,3,40000
PWD,10,5,5,90000
National,5,3,4,55000
G-11,7,3,3,140000
Meherban,5,3,3,30000
F-11,20,6,6,260000
G-9,6,3,2,100000
D-17,9,6,6,120000
Emaar,32,5,5,155000
G-13,4,4,4,90000
E-11,10,4,4,200000
G-13,7,4,4,160000
Bani,12,4,4,90000
G-9,14,5,5,300000
G-13,10,6,6,240000
Chak,8,2,3,55000
DHA,20,5,6,145000
D-17,8.4,5,6,80000
Emaar,15,4,6,100000
Faisal,8,5,6,85000
D-17,8.4,5,6,80000
G-14,4,4,4,95000
Ghauri,6,5,6,70000
F-10,20,6,6,800000
Bani,20,3,3,85000
Ghauri,7,3,3,38000
D-12,4,3,5,110000
G-15,7,4,4,80000
Gulberg,10,6,6,125000
Ghauri,5,3,3,30000
G-13,4.4,2,2,50000
DHA,20,6,6,240000
G-10,7,4,4,170000
E-11,20,4,5,300000
Mumtaz,5,4,5,55000
Mumtaz,5,4,5,60000
F-17,7,4,6,72000
D-12,4,5,5,150000
G-13,7,5,6,150000
DHA,20,5,6,190000
D-12,10,5,6,290000
Gulberg,20,3,3,70000
G-13,10,6,6,280000
Zaraj,10,5,5,100000
F-10,20,4,4,450000
G-13,10,4,5,200000
DHA,11,3,4,100000
G-10,6,3,3,100000
E-11,6,5,5,250000
D-17,9.3,4,6,90000
I-14,7,2,3,40000
G-11,3.5,2,1,40000
I-14,5,4,6,65000
DHA,10,4,4,130000
G-10,10,5,5,280000
G-10,6,3,3,100000
G-10,10,4,4,150000
B-17,7,4,4,40000
Bani,5,4,6,75000
G-10,3,4,3,130000
D-12,20,8,6,530000
F-8,20,5,3,480000
D-12,4,3,4,100000
I-14,5,4,5,55000
Bahria,10,7,6,180000
I-14,5,4,6,60000
I-14,6,2,2,35000
I-14,5,2,2,32000
G-13,8,6,6,300000
F-8,20,5,6,500000
G-13,10,11,6,350000
G-11,5,3,4,120000
G-15,7,9,6,150000
G-11,8,4,4,155000
DHA,20,5,6,200000
D-12,4,3,3,95000
B-17,8,5,5,70000
G-15,7,5,6,80000
B-17,5,4,4,55000
B-17,5,4,4,50000
G-15,8,4,5,75000
G-11,7,5,5,150000
G-9,14,3,3,95000
B-17,5,4,4,45000
G-15,7,4,5,80000
I-14,7,4,5,50000
I-10,6,5,5,120000
Bahria,20,6,6,270000
Bahria,5,4,5,62000
G-13,4.4,4,5,92000
Bani,6,2,3,37000
DHA,20,6,6,220000
F-6,80,7,8,2000000
F-10,20,7,6,450000
F-11,40,6,6,750000
F-6,40,7,8,2000000
DHA,20,6,6,190000
F-6,24,5,5,1250000
G-14,8,4,4,120000
National,5,4,4,55000
G-11,5,4,4,100000
G-13,4.4,4,5,85000
Bahria,20,6,6,260000
F-7,40,5,6,2800000
DHA,10,5,6,100000
E-11,20,5,6,350000
I-9,9.3,5,4,140000
I-9,9.3,4,4,140000
I-9,7,4,4,90000
DHA,5,4,4,90000
E-11,20,7,6,320000
D-12,10,9,6,340000
G-11,5,4,4,120000
Bani,60,7,6,300000
DHA,11,3,3,95000
DHA,11,3,3,95000
DHA,11,4,5,110000
E-11,20,6,6,360000
E-11,20,6,6,300000
DHA,11,3,3,95000
D-12,4.4,3,3,110000
E-11,10,2,2,100000
G-13,4.4,4,5,98000
B-17,8,4,5,70000
G-13,10,4,5,150000
F-11,32,11,6,900000
F-11,40,5,5,650000
Soan,10,6,6,85000
F-10,20,5,5,500000
G-13,10,8,6,240000
F-6,40,5,6,1250000
F-7,24,4,5,500000
G-11,6,5,5,180000
E-11,10,6,6,250000
G-13,4,3,4,85000
G-11,5,4,4,120000
DHA,11,3,5,100000
G-14,13,7,6,250000
F-7,24,4,5,500000
DHA,11,3,3,125000
DHA,20,6,6,260000
DHA,10,5,5,150000
G-10,6,5,6,210000
Bani,20,6,6,250000
Bani,20,3,4,90000
Bani,5,4,6,55000
Bani,15,3,4,55000
Bahria,10,4,5,160000
Bahria,20,5,6,270000
Bahria,10,4,5,150000
Bahria,10,4,5,145000
DHA,10,4,4,150000
DHA,20,6,5,200000
B-17,5,4,5,45000
Bahria,5,3,4,70000
Bahria,5,3,4,65000
E-11,20,10,6,600000
E-11,18,6,6,320000
G-11,7,4,4,160000
DHA,20,6,6,250000
DHA,20,6,6,220000
F-7,50,6,6,2800000
F-7,84,8,6,3725000
F-7,40,6,6,900000
D-12,4.4,3,4,105000
G-10,15,10,6,459999
D-12,14.2,3,3,120000
DHA,12,3,4,90000
F-7,24,4,5,470000
University,10,3,3,35000
F-8,32,7,6,2350000
Chak,70,10,6,600000
F-7,24,4,5,470000
I-8,14.2,3,6,350000
F-7,24,6,6,600000
G-13,4.4,5,5,95000
Bahria,10,4,5,135000
F-10,20,10,6,800000
Bahria,10,4,4,95000
G-13,7,4,5,170000
National,7,4,4,70000
Bani,10,2,2,58000
G-13,8,4,5,130000
Gulberg,3.9,2,2,48000
Bahria,10,5,5,140000
E-11,10.1,4,4,190000
F-7,20,4,4,600000
Bani,7,5,6,70000
G-10,20,6,6,280000
G-10,14,2,2,95000
G-10,14,2,2,150000
DHA,10,6,6,180000
DHA,20,6,6,170000
F-6,10.9,3,3,360000
G-13,8,6,6,165000
G-13,7,4,6,160000
D-12,6,4,4,120000
F-6,20,5,5,700000
G-11,5,3,3,150000
Bahria,5,3,4,55000
E-11,10,5,5,200000
Bani,13,6,6,130000
National,5,4,4,55000
G-13,10,6,6,220000
G-13,7,5,5,165000
E-11,20,5,6,350000
G-13,4,4,5,100000
Bahria,10,5,6,150000
E-7,40,4,4,1050000
I-8,12,6,6,300000
F-10,24,4,4,500000
G-13,10,6,6,200000
F-6,20,4,4,600000
G-13,14,6,6,250000
G-13,14,6,6,260000
G-13,10,6,6,210000
Pakistan,5,4,5,70000
G-14,4.4,4,5,100000
Ghauri,6,2,3,30000
G-13,4.4,3,5,90000
G-13,4,4,4,100000
E-11,20,8,6,550000
G-13,11,6,6,240000
G-13,10.8,7,6,195000
F-7,24,4,5,470000
E-11,8.9,5,5,220000
DHA,20,10,6,250000
F-7,24,4,4,750000
B-17,5.6,5,5,60000
G-14,14,6,6,250000
DHA,10,5,5,100000
G-13,20,6,6,385000
F-11,40,5,6,650000
D-12,5,6,4,200000
D-12,5,6,4,200000
G-13,8,5,6,180000
E-11,10,6,6,320000
Bahria,10,5,5,100000
DHA,20,6,6,280000
I-10,6,5,4,110000
Bahria,10,5,5,140000
DHA,20,3,4,200000
DHA,15,3,3,229999
Bani,5,4,6,60000
B-17,14,6,6,130000
DHA,20,6,6,220000
F-7,26,5,5,650000
E-11,10,4,4,200000
G-13,7,4,4,120000
E-11,20,6,6,350000
G-10,6,4,4,150000
G-13,4,4,5,85000
G-13,7,5,6,165000
DHA,20,7,6,145000
G-13,7,5,6,160000
F-7,26,6,6,1100000
Bahria,12,3,4,110000
G-10,6,4,3,120000
G-13,8,5,6,200000
G-10,6.7,3,3,110000
DHA,20,5,6,175000
DHA,20,6,6,275000
G-13,10,6,6,225000
Bahria,5,4,4,70000
G-10,8,4,3,120000
G-14,5,4,4,120000
I-8,14,5,5,300000
F-7,17.8,6,6,530000
F-10,26,7,6,550000
F-11,20,7,6,500000
F-8,17.8,6,6,530000
F-17,10,6,6,80000
E-11,20,4,5,300000
I-14,6,2,3,42000
H-13,6,2,3,45000
Bahria,5,3,5,65000
PWD,10,5,6,90000
G-13,7,4,4,150000
Korang,6,4,4,85000
Bahria,20,5,5,265000
B-17,5,3,3,55000
Park,20,8,6,250000
F-7,20,4,4,600000
Bani,10,3,4,90000
Bani,5,5,6,50000
Bahria,5,3,4,60000
Bahria,20,6,6,260000
I-9,5,2,2,45000
F-7,64,5,6,3000000
F-6,80,4,5,1500000
Bahria,10,5,6,145000
DHA,20,6,6,200000
Gulberg,5.3,3,3,110000
F-7,40,4,4,750000
G-14,10,7,6,220000
G-13,14,7,6,250000
Bahria,5,3,3,63000
DHA,20,6,6,250000
G-13,7,5,5,120000
I-10,6,3,3,75000
F-11,30,10,6,800000
E-11,17,10,6,650000
G-13,7,4,5,160000
G-13,7,5,5,120000
G-13,4,4,5,100000
G-13,7,4,5,155000
Gulberg,7,2,3,50000
DHA,20,5,5,250000
DHA,20,6,6,254999
DHA,20,6,6,220000
Ghauri,5,1,1,12000
DHA,10,5,6,160000
DHA,20,6,6,260000
F-10,13.3,3,3,300000
G-13,10,5,5,200000
E-11,20,6,6,360000
G-13,14,8,6,350000
Soan,10,6,6,90000
Naval,20,3,3,75000
CBR,11,6,6,120000
Bani,10,4,5,100000
Faisal,7,5,6,90000
G-9,6,4,2,120000
Faisal,8,3,3,40000
I-10,6,4,2,90000
D-12,8,6,6,185000
E-18,7,3,3,260000
DHA,20,5,6,180000
University,10,3,3,35000
D-17,10,5,5,80000
F-17,8,3,3,35000
G-8,9.3,7,6,239000
Naval,5,2,3,30000
I-9,5,3,2,70000
G-8,9.3,7,6,235000
Top,10,5,4,120000
DHA,12,5,6,130000
F-7,20,6,6,440000
F-10,14,4,4,250000
CBR,14,7,6,150000
I-8,14.3,6,6,250000
G-6,40,6,6,2336000
Bani,24,6,6,175000
Bani,20,4,5,130000
G-13,20,7,6,380000
F-11,9,2,3,100000
Bani,5,4,5,70000
Bani,12,5,6,80000
Bani,15,5,6,100000
Naval,20,6,6,160000
G-13,4,4,4,110000
Bani,10,3,3,70000
Constitution,8.8,2,2,350000
Bahria,20,6,6,229999
Bani,10,4,6,170000
F-8,22,6,6,925000
F-8,22,5,6,800000
Bahria,10,5,6,155000
F-6,22,4,5,450000
Naval,5,4,4,65000
Bahria,20,6,6,260000
Bani,15,3,4,70000
Bani,20,4,5,150000
Ghauri,5.5,2,3,25000
Soan,10,3,3,52000
Bahria,20,6,6,260000
Bani,120,10,6,400000
F-8,36,5,6,700000
Bahria,5,3,3,75000
G-13,20,6,6,425000
Bahria,5,2,2,65000
Bani,20,4,5,150000
Bahria,10,5,6,150000
D-12,14,9,6,350000
FECHS,7,4,4,75000
Bahria,20,6,4,330000
National,7,5,5,60000
F-11,20,10,6,500000
I-14,7,5,5,85000
F-7,26,6,6,650000
G-16,48,8,6,290000
I-10,6,4,3,80000
G-15,40,11,6,600000
G-11,8,5,4,170000
G-15,7,7,6,140000
G-10,10,5,6,260000
G-10,10,6,6,265000
F-11,20,5,6,250000
Tarlai,10,4,3,35000
National,5,4,5,58000
F-11,20,6,6,360000
Bani,5,6,6,70000
Faisal,7,4,5,280000
G-15,14,9,6,170000
DHA,10,4,4,108000
Bani,20,6,6,248000
F-11,40,5,5,650000
F-11,20,7,6,450000
Bani,5,5,4,60000
Bani,7,3,3,50000
Bani,5,4,6,65000
Bahria,10,5,5,135000
Bahria,5,3,4,65000
G-7,16,5,5,180000
F-10,26,8,6,700000
Bani,20,6,6,120000
F-10,20,5,6,250000
Top,10,4,5,120000
E-11,20,4,5,229999
Gulberg,7,5,6,105000
E-7,40,3,4,400000
Bani,40,6,6,200000
Bani,5,4,6,50000
G-10,14.2,6,6,300000
Bani,20,3,4,85000
National,10,5,6,100000
DHA,20,5,6,140000
G-10,14,6,6,300000
D-12,5,5,6,165000
G-15,7,5,5,80000
I-11,4,2,4,50000
Faisal,7,4,5,100000
G-15,12,6,6,140000
Bahria,10,5,5,120000
G-10,10,4,4,150000
G-15,7,4,5,85000
Mumtaz,6,5,5,80000
E-7,36,5,6,1000000
D-17,7.1,4,4,75000
F-11,6,4,4,250000
F-8,26,5,6,650000
G-15,7,5,6,75000
E-11,8,5,5,220000
DHA,20,6,6,300000
DHA,20,6,6,220000
F-11,40,6,6,650000
G-15,12,6,6,150000
DHA,16,6,6,210000
I-11,6,6,6,130000
G-15,12,6,6,125000
G-15,14,9,6,150000
Bahria,10,5,6,130000
F-17,20,8,6,130000
G-15,7,4,5,85000
G-15,12,9,6,160000
G-13,20,6,6,375000
G-15,7,4,4,80000
Top,10,4,4,114999
DHA,20,6,6,160000
G-11,8,5,5,160000
G-11,8,5,5,160000
DHA,20,6,6,240000
I-10,6,4,3,85000
Bani,40,7,6,300000
I-10,6,4,3,85000
Bani,16,4,5,130000
DHA,10,5,6,110000
I-10,6,4,3,90000
I-10,6,4,3,85000
Bani,20,10,6,280000
DHA,20,3,4,160000
I-10,6,4,3,90000
D-12,8,6,6,240000
I-8,14.2,6,6,300000
D-17,9,6,6,80000
F-8,24,6,6,620000
F-10,20,4,5,280000
E-11,40,10,6,1000000
F-8,12,3,4,350000
F-7,20,6,6,1050000
F-7,80,4,5,700000
F-6,17.8,6,6,800000
F-7,16,3,3,400000
F-7,22,6,6,620000
F-8,24,6,6,800000
F-11,20,5,5,500000
F-7,22,5,5,490000
F-6,20,4,4,400000
F-11,7,4,5,150000
Bahria,5,4,4,90000
Bahria,5,4,4,65000
Bahria,7,6,6,100000
Bahria,8,6,6,100000
D-17,9,5,5,75000
Bahria,5,4,4,70000
B-17,8,4,5,70000
Bahria,5,6,6,85000
F-11,22,6,6,400000
Bahria,5,4,3,65000
Bahria,5,4,3,65000
G-14,4,4,5,110000
F-10,20,5,4,250000
G-13,10.9,6,6,160000
F-7,24,5,5,700000
DHA,10,4,5,160000
Bani,20,3,4,149000
Top,10,5,6,125000
G-11,4,2,2,55000
G-11,8,5,6,185000
G-11,8,4,4,160000
G-11,3,4,2,85000
E-11,20,5,6,360000
Bahria,10,5,6,140000
F-8,40,5,5,700000
F-8,40,6,6,1200000
F-7,26,6,6,700000
F-8,20,6,6,850000
F-7,26,8,6,900000
F-8,26,5,6,500000
Gulberg,10,5,6,170000
F-7,40,6,6,2000000
E-7,40,5,6,800000
D-17,7,6,6,75000
G-11,6.7,4,5,155000
G-11,8,5,6,180000
Top,20,6,6,210000
I-10,5,6,6,95000
I-10,5,6,6,100000
G-13,7,5,6,170000
Bani,40,5,5,130000
F-11,13.3,1,1,90000
Bahria,5,3,4,65000
Bahria,20,5,6,280000
Bahria,5,3,4,75000
Bahria,5,3,4,65000
Bahria,10,5,6,125000
DHA,20,6,6,220000
G-13,4.4,4,4,70000
F-7,20,6,5,750000
DHA,11,4,5,110000
DHA,20,6,6,245000
Bani,5,2,3,35000
Bani,6,5,6,65000
F-11,20,5,5,450000
G-11,8,6,6,350000
F-8,28,4,5,950000
F-7,20,4,4,450000
F-6,20,3,3,500000
F-8,20,5,5,450000
G-13,8,5,5,136000
F-7,72,6,6,1400000
DHA,20,6,6,275000
DHA,20,6,6,170000
F-8,20,6,6,950000
G-6,40,5,6,550000
D-12,10,4,5,270000
G-6,42,6,6,600000
F-7,20,5,5,1000000
DHA,20,6,6,170000
G-13,14.2,6,6,300000
F-7,26,6,6,790000
F-7,40,6,6,1200000
Ghauri,5,4,4,41000
F-8,20,5,6,850000
F-10,20,4,4,250000
F-11,20,4,4,480000
F-7,40,6,6,1100000
F-8,40,6,6,1100000
F-7,40,6,6,1000000
F-8,26,5,5,500000
F-7,40,6,6,1100000
F-6,40,5,6,850000
G-13,4,4,4,85000
Pakistan,10,4,6,90000
DHA,10,5,6,130000
Bahria,10,5,5,130000
DHA,11,4,5,114999
F-8,20,6,6,800000
F-8,20,5,5,450000
National,10,4,5,98000
F-6,48,6,6,2800000
F-8,26,5,6,800000
F-7,40,6,6,1700000
F-8,20,6,6,800000
F-7,26,8,6,1500000
F-8,26,4,5,700000
F-7,100,5,5,3000000
F-8,24,6,6,1000000
F-7,26,5,6,800000
F-6,44,11,6,3000000
F-8,16,4,6,900000
F-7,22,5,5,600000
F-7,26,8,6,3000000
F-6,80,11,6,3500000
F-8,20,4,4,742000
F-7,32,7,6,1200000
F-11,20,9,6,800000
F-7,20,5,5,550000
F-7,20,6,6,600000
F-8,40,5,5,1439000
F-10,40,8,6,700000
I-8,12,4,4,225000
F-8,20,5,6,475000
G-13,4,4,5,85000
National,12,5,5,90000
F-7,24,3,4,775000
F-11,40,7,6,709000
I-8,14,6,6,350000
DHA,5,3,4,75000
Bani,20,3,5,95000
DHA,10,5,5,120000
Bani,10,4,4,50000
Top,10,5,6,120000
Bani,10,3,5,80000
E-7,26,4,5,530000
G-13,4,4,4,105000
F-6,40,4,4,1200000
G-13,8,6,6,192000
F-8,40,6,6,1500000
G-13,4,4,4,95000
F-7,42,6,6,1200000
F-11,40,5,5,625000
G-11,20,4,4,200000
I-8,12,6,5,320000
F-11,20,5,5,420000
F-10,20,5,5,1350000
F-7,20,5,5,550000
F-7,20,5,5,550000
F-11,20,8,6,450000
F-7,26,6,6,1025000
G-13,4.4,4,5,85000
F-7,22,5,6,1015000
F-6,40,6,6,1000000
Bani,12,3,3,90000
G-6,42,11,6,2450000
E-7,24,4,4,480000
F-8,20,7,6,525000
F-7,26,7,6,1150000
F-8,24,4,5,595000
F-10,20,5,5,400000
F-8,20,5,5,690000
F-8,22,5,5,525000
G-13,4,3,4,100000
Faisal,10,2,3,50000
Chak,90,10,6,605000
Bani,5,4,4,48000
DHA,20,6,6,220000
Korang,6,3,3,65000
Meherban,8,5,6,98000
E-7,38,6,6,2500000
DHA,20,6,6,220000
DHA,20,6,6,250000
Bahria,22,8,6,280000
G-13,10.9,6,6,200000
Bahria,10,5,5,155000
F-7,20,5,6,750000
F-7,26,8,6,1050000
F-7,26,6,6,700000
F-8,20,5,5,1138000
PWD,10,5,5,120000
F-8,24,4,4,630000
G-15,40,10,6,450000
Soan,10,4,4,55000
F-11,20,6,6,450000
DHA,20,4,5,165000
F-7,40,4,4,890000
PWD,10,5,5,120000
National,5,4,4,55000
G-6,48,4,4,650000
B-17,7,3,4,38000
Top,10,5,5,120000
B-17,5,4,5,50000
Bahria,10,5,5,150000
Bahria,5,3,5,60000
Bani,10,5,6,120000
F-8,26,4,5,800000
F-6,24,4,6,1000000
Bahria,5,3,4,60000
Bahria,5,3,4,70000
E-7,36,4,4,650000
F-7,40,5,6,1200000
Bahria,20,6,6,270000
I-8,14.2,6,6,325000
F-11,10,5,6,240000
E-11,16,6,6,320000
G-6,32,5,6,900000
F-6,20,5,6,500000
G-10,14,6,6,300000
DHA,20,7,6,180000
I-10,6.7,5,4,90000
F-10,13.3,3,3,325000
F-11,20,6,6,500000
DHA,10,5,5,140000
I-8,14.2,6,6,325000
I-8,14,6,6,325000
I-8,14,6,6,300000
I-8,12.5,6,6,350000
F-8,26,5,5,800000
Bani,10,3,4,80000
F-10,26,4,4,450000
F-11,20,6,6,450000
F-10,13.3,4,4,250000
E-11,7,5,4,180000
F-8,26,6,6,800000
Emaar,20,5,5,120000
Bani,6,3,4,160000
Bahria,30,6,6,320000
F-7,48,7,6,2100000
DHA,20,6,6,220000
E-7,46,6,6,975000
DHA,20,6,6,215000
DHA,10,6,6,165000
Bani,20,6,6,110000
E-11,20,9,6,600000
Bani,10,2,3,36000
Bani,30,6,6,185000
Margalla,5,3,3,80000
Bani,20,3,4,75000
Bani,10,3,3,50000
Bani,20,5,6,300000
Bani,20,10,6,300000
D-12,20,7,8,450000
I-14,7.2,6,6,90000
I-14,5,5,6,63000
F-10,24,5,5,375000
DHA,10,4,4,140000
Bani,14,3,4,60000
I-8,30,11,6,600000
I-14,7,5,6,100000
D-12,10,4,4,330000
G-13,4,4,5,110000
F-8,20,2,2,296000
D-12,10,4,4,330000
F-7,26,6,6,2000000
I-8,12,6,6,350000
F-8,20,3,3,287000
F-11,20,6,6,500000
F-7,130,5,5,2290000
F-11,20,8,6,450000
F-10,20,5,5,340000
F-7,22,4,4,375000
F-7,20,6,6,595000
F-8,48,9,10,1500000
F-7,48,11,10,1500000
F-6,72,6,6,500000
F-7,20,6,6,395000
F-7,26,5,6,350000
G-11,5,4,4,120000
F-7,40,4,5,499000
E-11,8,8,6,270000
G-10,9,4,4,180000
G-13,20,4,4,400000
F-6,20,5,5,450000
F-6,80,6,6,1500000
Bahria,20,6,6,340000
Bahria,10,5,5,145000
E-11,18,8,6,475000
Bani,40,6,6,180000
Bani,8,2,3,40000
PWD,10,5,5,98000
F-11,40,7,8,800000
Bahria,8,5,6,97000
F-10,20,3,3,350000
G-13,14,7,6,200000
F-6,80,4,4,1500000
E-7,24,4,4,520000
F-10,30,3,3,300000
Bani,5,3,4,40000
Bahria,10,5,6,130000
G-13,4,4,4,110000
Bahria,10,5,5,140000
DHA,20,6,6,165000
DHA,80,7,1,400000
Bani,7.1,2,2,40000
F-7,26,5,6,900000
F-8,26,5,6,600000
F-8,26,5,6,900000
F-8,40,5,5,800000
DHA,11,3,4,97000
F-11,10,4,4,160000
E-7,20,3,3,513000
F-11,10,4,4,175000
National,7,5,5,75000
PWD,9.3,5,5,114999
DHA,11,3,4,110000
G-9,12,6,6,320000
G-11,8,6,6,350000
DHA,20,6,6,250000
F-6,20,4,4,1332000
I-8,14.2,6,6,350000
Bahria,5,3,4,75000
F-6,20,3,3,590000
DHA,20,5,6,185000
I-8,12,5,5,300000
Bahria,5,4,4,75000
Shehzad,8,2,3,60000
Bahria,5,3,4,75000
DHA,18,5,5,160000
Bahria,5,3,3,55000
Kuri,8,4,5,70000
Bani,10,5,5,130000
D-17,7,5,6,75000
F-10,20,5,6,400000
G-13,10,7,6,250000
Emaar,10,3,3,65000
G-13,20,6,6,380000
F-6,56,4,5,1400000
G-13,14,7,6,500000
National,6,4,5,60000
National,5,4,4,50000
Police,10.1,5,6,90000
F-6,20,8,6,1185000
G-13,10,6,6,185000
DHA,20,6,6,175000
E-11,7.1,4,4,180000
DHA,20,6,6,175000
F-7,20,4,5,550000
F-8,24,5,6,1100000
F-10,20,5,6,400000
E-11,20,6,6,400000
DHA,20,6,6,175000
F-11,40,6,6,650000
F-6,80,4,5,1500000
Green,20,10,6,325000
F-6,20,5,6,550000
F-7,52,5,6,2300000
I-8,12.5,6,6,320000
G-13,12,7,6,450000
I-8,14.2,6,6,350000
F-11,26,9,9,500000
DHA,20,6,8,250000
DHA,20,6,6,250000
DHA,20,7,8,270000
I-8,12.9,6,6,335000
F-10,24,6,6,600000
DHA,20,5,6,185000
DHA,20,6,6,180000
I-8,14.2,6,6,320000
F-8,20,4,4,500000
I-10,6,4,4,120000
E-7,40,5,6,1000000
Soan,7,3,4,57000
F-7,20,8,6,950000
F-8,20,6,6,800000
F-8,22,4,5,400000
F-11,20,5,6,400000
Bahria,10,5,5,122000
F-10,16,3,3,350000
F-8,20,5,5,902000
F-7,40,6,6,1200000
G-13,14,8,6,500000
F-7,80,8,6,3300000
F-7,20,5,5,780000
D-12,4,3,2,70000
D-12,20,8,6,550000
G-13,10,11,6,400000
F-7,20,6,6,900000
F-11,20,6,6,400000
F-10,26,5,6,550000
D-12,4,4,4,110000
I-8,14.2,6,6,350000
Bahria,10,5,6,100000
I-8,12.4,6,6,300000
I-8,14.2,6,6,350000
F-8,20,4,4,500000
I-8,14.2,6,6,350000
G-10,20,3,3,300000
I-8,14.2,6,6,350000
F-11,40,10,6,1000000
D-12,4.4,4,4,110000
G-10,8,5,5,180000
F-8,24,6,6,500000
F-11,10,6,6,295000
Bahria,10,5,5,130000
F-8,18,6,6,1030000
F-10,20,5,5,400000
DHA,20,5,5,210000
Soan,20,4,4,95000
Soan,12,6,6,125000
F-10,40,6,6,750000
Ghauri,4,2,3,25000
F-7,46,6,6,850000
G-14,14.2,7,6,250000
DHA,20,6,6,229999
Ghauri,5,3,3,30000
DHA,20,6,6,200000
G-13,14,10,6,350000
F-10,20,6,6,500000
G-13,4.4,4,5,95000
B-17,5,4,3,50000
I-10,6,4,4,125000
G-9,6.7,4,2,120000
I-8,12,6,6,270000
DHA,20,6,6,229999
E-11,20,10,6,600000
F-6,20,4,5,650000
F-8,20,6,6,900000
F-6,40,6,6,2000000
F-8,20,6,6,900000
F-7,26,7,6,1100000
F-6,36,4,5,650000
F-8,20,3,4,350000
F-6,40,4,5,1150000
G-6,26,6,6,900000
G-13,14,7,6,295000
F-8,26,4,5,800000
F-7,16,4,4,1000000
F-7,20,5,6,1250000
F-8,26,7,6,1200000
F-8,26,5,5,800000
F-8,20,4,6,650000
F-8,40,6,6,2600000
F-8,32,4,5,1300000
E-11,10,4,5,200000
F-7,26,6,7,600000
Bahria,24,8,6,320000
DHA,20,6,6,250000
Bahria,10,5,6,210000
F-8,80,5,6,1000000
E-7,48,4,5,750000
F-8,24,5,6,1000000
F-7,26,6,6,1100000
G-13,14.2,6,6,240000
DHA,12,3,3,105000
F-7,26,4,4,1050000
F-8,20,6,6,800000
F-11,20,3,3,200000
Pakistan,5,2,2,25000
E-11,7.2,5,6,260000
F-8,24,5,6,530000
F-8,20,6,6,750000
DHA,10,5,5,135000
E-11,10,4,4,200000
DHA,20,6,6,260000
F-8,17.8,5,6,650000
DHA,20,5,5,250000
DHA,5,4,4,90000
DHA,20,9,6,360000
D-12,4,4,4,110000
F-7,20,4,4,720000
F-7,13.3,3,3,540000
F-8,40,7,6,1300000
E-7,40,4,5,680000
F-7,26,6,6,1100000
F-6,22,5,6,490000
F-8,80,4,5,1000000
F-10,20,5,5,330000
F-8,24,4,5,430000
F-7,26,5,6,630000
F-7,26,5,6,600000
E-11,10,4,5,200000
F-11,26,4,4,450000
DHA,20,5,5,250000
F-10,32,6,6,450000
F-10,24,6,6,600000
G-13,10,11,6,350000
F-7,17.8,6,6,750000
F-7,36,5,6,775000
F-11,20,7,6,400000
F-7,24,5,6,499000
F-11,26,6,6,600000
F-7,36,7,6,730000
F-7,40,5,6,1200000
F-7,20,5,6,875000
F-7,40,4,5,1250000
F-7,20,4,5,600000
G-13,10.9,6,6,190000
G-13,4,4,4,85000
G-13,4,4,4,90000
Bahria,10,5,6,0
F-6,20,6,6,650000
Bahria,10,4,4,130000
F-8,40,7,6,1300000
G-13,10,6,6,220000
F-6,48,4,5,1000000
G-13,14,6,6,270000
F-7,60,5,6,2300000
F-7,22,5,6,800000
F-8,24,6,6,500000
F-7,26,6,6,1100000
Bahria,14,8,6,200000
Bani,20,8,6,120000
National,20,6,6,150000
DHA,11,3,4,95000
F-8,22,4,5,1000000
National,20,6,6,110000
E-11,20,9,6,650000
E-11,7,6,6,200000
F-8,20,4,5,599000
E-11,8,5,5,150000
F-7,40,4,5,1200000
E-7,36,7,6,1500000
F-7,36,7,6,1450000
F-7,52,7,6,2800000
E-11,10.1,4,4,180000
Bahria,5,3,4,110000
F-6,36,5,6,799000
E-11,10.9,4,6,250000
Bahria,5,3,3,68000
F-8,40,5,6,750000
F-8,24,4,5,430000
DHA,20,6,6,229999
DHA,20,6,6,150000
G-13,10,7,6,200000
F-8,40,9,10,1800000
F-8,26,8,6,1300000
DHA,10,5,5,120000
F-8,40,6,6,1100000
F-7,40,11,6,1800000
F-7,120,5,6,2300000
F-6,56,4,5,1400000
E-7,40,7,6,3200000
F-8,22,5,5,550000
F-7,60,6,6,2800000
F-7,26,5,6,600000
G-13,14,6,6,300000
F-6,26,4,5,950000
F-8,80,4,5,1000000
G-13,10,11,6,350000
Korang,6,4,4,55000
F-7,32,5,6,2200000
G-13,10,6,6,210000
F-8,24,5,6,500000
F-7,20,6,6,530000
F-6,60,6,6,2400000
E-11,10,5,5,215000
E-11,20,10,6,570000
G-13,4,4,5,85000
E-7,24,4,4,480000
D-12,4.4,3,4,105000
G-13,10,6,6,210000
E-7,44,6,6,1500000
F-7,24,8,6,1000000
F-7,22,5,5,600000
G-6,20,5,5,320000
F-8,20,4,4,300000
F-6,40,6,6,1800000
Bahria,10,5,5,148000
Gulberg,7,4,4,0
I-11,6,6,6,135000
I-11,6,6,6,140000
I-11,6,6,6,132000
Bahria,5,3,3,68000
I-11,6,6,6,136000
Bahria,10,5,5,125000
Bani,20,10,6,250000
G-10,6,3,2,90000
DHA,20,6,6,220000
Bahria,5,4,5,60000
F-7,22,5,6,800000
F-7,24,4,5,725000
F-7,26,5,6,1000000
F-8,40,7,6,1300000
F-7,24,4,5,1000000
F-8,20,4,5,400000
G-11,7,5,5,180000
DHA,10,4,6,120000
F-6,48,4,5,1000000
F-6,26,6,6,850000
DHA,20,6,6,250000
F-11,26,5,6,400000
F-6,20,6,6,650000
Bahria,10,5,6,135000
DHA,20,6,6,250000
F-7,36,5,6,950000
F-8,26,5,6,860000
Bahria,4.4,2,2,45000
F-6,44,6,6,1200000
F-6,24,4,5,409999
DHA,20,6,6,250000
F-7,26,6,6,600000
G-6,80,4,4,1200000
Bahria,5,3,4,80000
F-7,60,5,6,2300000
G-13,4,4,4,90000
E-7,80,5,5,1000000
E-7,80,5,5,1000000
Ghauri,5,4,4,60000
F-11,26,4,4,600000
F-11,24,5,5,350000
F-11,24,5,5,350000
F-11,26,4,4,600000
E-7,80,5,5,1000000
F-11,26,4,4,600000
E-7,80,5,5,1000000
F-11,26,4,4,600000
F-11,24,5,5,350000
E-7,80,5,5,1000000
F-11,24,5,5,350000
E-7,80,5,5,1000000
F-11,26,4,4,600000
F-11,26,4,4,600000
F-11,24,5,5,350000
F-11,24,5,5,350000
E-7,80,5,5,1000000
F-11,26,4,4,600000
E-7,80,5,5,1000000
F-11,26,4,4,600000
F-11,24,5,5,350000
E-7,80,5,5,1000000
F-6,20,6,6,550000
F-6,20,3,3,350000
F-11,26,4,4,600000
F-6,20,4,4,300000
F-6,20,3,3,350000
F-6,20,3,3,350000
F-6,20,6,6,550000
F-7,40,5,5,700000
F-7,40,6,6,700000
F-6,20,4,4,300000
F-6,20,6,6,550000
F-6,20,6,6,550000
F-6,20,4,4,300000
F-7,40,5,5,700000
F-6,20,4,4,300000
F-6,17.8,4,5,530000
F-7,40,6,6,700000
F-7,20,5,6,500000
F-6,17.8,6,6,730000
F-7,40,4,5,1250000
F-7,20,4,5,430000
E-7,40,7,6,3000000
F-7,40,6,6,700000
F-7,20,6,6,775000
E-7,40,7,6,1500000
G-10,6.7,3,3,120000
F-8,36,5,6,650000
B-17,10,5,6,100000
G-13,4.4,4,5,90000
G-10,10.9,4,4,150000
F-8,20,5,5,500000
G-15,40,10,6,399000
DHA,11,3,4,100000
Bani,6,4,5,60000
Bani,5,4,4,65000
Bani,5,4,6,45000
Bani,10,3,5,90000
F-8,24,6,6,1400000
F-7,24,5,6,1050000
F-8,48,4,5,450000
F-7,60,5,6,2300000
F-8,40,7,6,1300000
F-7,60,6,6,1200000
F-8,26,6,6,800000
F-8,20,4,5,400000
G-6,64,5,6,1200000
F-8,20,5,6,650000
F-8,20,5,6,850000
F-8,30,4,5,1200000
F-6,60,4,5,1400000
F-7,30,5,6,900000
F-6,20,6,6,650000
F-8,100,11,6,1900000
F-6,30,8,6,1200000
F-7,40,5,5,900000
F-7,26,4,5,1000000
F-6,40,5,5,850000
F-7,20,5,5,750000
PWD,5,4,4,50000
F-7,30,4,4,650000
F-7,24,6,6,600000
Bahria,10,5,6,135000
F-7,26,5,6,600000
Ghauri,5,4,5,55000
F-8,22,5,6,500000
F-7,24,4,5,500000
Bahria,10,5,6,150000
I-8,14.2,3,3,300000
F-8,26,6,6,700000
E-7,40,7,6,1500000
I-8,14.2,3,3,280000
F-8,24,4,4,420000
F-8,26,5,6,1000000
I-14,5.6,4,5,70000
F-8,40,4,5,1250000
F-8,20,4,5,420000
F-7,40,4,5,1200000
I-14,8,4,4,80000
I-14,5.6,4,5,70000
Bahria,5,3,4,60000
I-14,5.6,4,5,70000
DHA,20,6,6,229999
Bahria,5,3,3,50000
Bahria,5,3,4,70000
Bahria,10,5,6,135000
Bahria,5,3,4,65000
Bahria,5,3,3,70000
Bahria,10,5,6,130000
Bahria,5,3,3,70000
Bahria,10,5,5,125000
Bahria,5,3,4,65000
F-7,26,5,6,1100000
Bahria,5,3,3,75000
Bahria,10,5,6,135000
F-7,26,4,5,720000
Bahria,5,3,4,75000
Bahria,6.5,2,2,100000
Bahria,10,5,6,250000
F-7,26,5,6,1000000
Bahria,10,4,4,150000
G-9,6,4,3,120000
G-10,7,3,3,140000
D-12,4.4,3,4,105000
D-12,4.4,3,4,110000
B-17,4.5,3,3,45000
F-11,22,5,5,400000
F-7,32,4,5,720000
F-11,20,4,4,250000
E-11,16,8,6,325000
PWD,20,9,6,350000
I-11,5,5,5,85000
G-6,32,6,6,650000
D-12,4,4,4,110000
Bhara,5,4,6,60000
F-11,18,6,6,750000
Faisal,8,6,6,85000
Top,20,6,6,260000
G-10,8,5,5,175000
G-13,4,3,3,28000
Bani,4.5,5,6,50000
I-14,5,5,5,60000
E-11,20,7,6,425000
E-7,40,5,6,1500000
I-10,6.7,4,3,100000
G-10,15,10,6,500000
Naval,20,5,5,150000
G-15,8,11,6,114999
G-13,14,6,6,340000
G-10,7,4,6,180000
G-10,20,6,6,300000
G-6,8.4,4,2,150000
G-6,80,8,6,2000000
DHA,20,7,6,155000
Bani,18,6,6,130000
G-10,9,5,5,180000
F-10,22,5,6,450000
E-7,40,4,4,750000
G-10,10.9,4,4,150000
DHA,10,5,5,140000
F-7,24,11,6,1400000
F-7,24,5,5,800000
DHA,20,6,6,220000
F-15,7,4,5,90000
E-11,20,9,6,650000
Bahria,10,4,4,140000
F-10,22,4,4,550000
G-13,10.9,6,6,185000
Bani,20,6,6,380000
DHA,20,2,6,260000
F-8,40,7,6,2100000
F-11,10,5,6,250000
Bahria,5,3,4,70000
F-11,10,5,5,250000
F-7,26,6,6,650000
F-10,26,5,6,650000
Bahria,5,3,5,150000
G-6,26,5,6,700000
F-11,20,6,6,400000
DHA,11,3,4,105000
G-11,7.3,2,2,110000
F-7,20,6,6,800000
B-17,7,4,5,70000
G-13,14,6,6,300000
F-10,34,6,6,800000
G-13,7,5,5,120000
Top,10,5,5,110000
F-6,40,6,6,1300000
DHA,20,6,6,270000
F-10,34,7,6,800000
Top,20,4,5,110000
F-6,22,11,6,1300000
F-7,32,5,6,1600000
G-6,22,4,5,700000
F-8,22,5,6,600000
G-6,22,4,5,700000
F-7,40,6,6,1050000
G-13,4,4,4,90000
Bani,7,4,4,80000
H-13,15,4,5,70000
D-12,10,4,5,250000
Bahria,2.8,1,1,30000
Bani,5,4,6,60000
FECHS,7,4,6,75000
D-12,12,7,6,320000
F-7,40,6,6,850000
F-11,26,8,6,600000
F-10,20,5,6,350000
G-13,4,5,5,100000
G-6,80,8,6,2200000
Ghauri,5,4,4,65000
G-13,4,3,4,100000
Ghauri,7,3,3,38000
Ghauri,5,4,5,55000
E-11,8,4,3,140000
F-6,42,7,6,1618000
G-9,9.3,4,4,150000
G-10,7,5,5,170000
Lehtarar,10,2,3,45000
G-10,6,4,4,210000
G-9,14.2,3,3,130000
D-17,9,5,5,95000
G-13,4.4,4,5,100000
Margalla,5,3,2,80000
G-9,6.7,3,2,140000
DHA,20,6,6,250000
DHA,11,3,4,100000
F-8,20,5,5,650000
Soan,12,7,6,120000
Korang,10,6,6,114999
Bahria,10,4,5,140000
Gulberg,3.4,2,2,55000
F-10,34,10,6,800000
G-13,4,3,5,92000
F-10,20,5,5,400000
G-15,8,5,6,80000
G-13,4,4,5,88000
F-11,20,4,4,325000
D-17,7.1,4,4,80000
Bahria,10,4,5,130000
Top,10,4,4,120000
F-10,26,5,6,480000
F-11,30,10,6,500000
G-10,6.7,5,6,200000
G-11,8,5,5,160000
D-17,7.1,5,5,65000
G-15,7,4,6,85000
Ghauri,5,2,3,25000
B-17,24,6,6,204999
B-17,5,4,4,45000
B-17,5,3,3,35000
Bani,10,4,6,125000
F-6,72,4,4,1600000
I-8,10,4,4,280000
G-13,8,5,6,180000
Pakistan,20,6,6,225000
G-13,20,9,6,550000
G-13,7,5,6,160000
F-7,22,4,4,1200000
G-15,7,4,5,125000
F-8,26,4,4,1050000
DHA,20,6,6,245000
E-7,48,6,6,2100000
F-7,26,5,5,550000
E-11,7,5,5,195000
Bani,10,6,6,130000
Bani,20,10,6,300000
F-6,48,4,4,1000000
F-8,26,5,5,500000
G-11,5.6,3,3,90000
Bani,20,5,6,300000
Bani,20,6,6,114999
Korang,7,5,6,88000
G-13,10,6,6,200000
Bani,10,6,6,125000
G-13,14.2,6,6,300000
F-7,48,5,6,1200000
F-10,24,6,6,700000
E-7,44,6,6,1500000
DHA,20,9,6,270000
Bani,40,3,5,100000
I-8,14.2,6,6,300000
F-11,10,6,6,250000
Bahria,10,5,6,140000
I-8,12.4,6,6,270000
F-11,10,6,6,250000
Bani,10,3,4,60000
I-8,14.2,5,5,260000
DHA,10,4,4,150000
DHA,10,5,5,150000
I-8,14.2,6,6,310000
F-8,20,3,5,577000
DHA,5,4,4,95000
DHA,20,6,6,250000
G-13,10,6,6,200000
Bani,10,5,6,130000
Bahria,5,3,4,60000
F-7,26,9,6,2500000
DHA,20,6,6,229999
DHA,20,6,6,210000
F-6,20,5,6,600000
F-7,48,7,7,800000
B-17,20,7,6,200000
Ghauri,5,4,5,60000
F-7,26,8,9,1000000
F-6,40,6,7,500000
DHA,20,3,5,160000
I-8,14.2,6,6,300000
F-6,40,6,6,600000
G-13,14.2,7,6,250000
DHA,10,4,5,120000
I-14,6,2,3,42000
E-7,40,4,5,595000
F-6,26,6,6,850000
F-7,22,5,6,2100000
G-13,14,7,6,220000
F-6,40,6,6,840000
F-8,40,5,6,1800000
F-8,26,7,6,700000
E-11,3.1,1,1,70000
F-10,20,5,6,700000
F-7,26,6,6,1300000
G-15,40,10,6,400000
E-11,8,5,5,280000
DHA,20,6,6,220000
E-7,44,6,6,1060000
DHA,10,5,5,135000
F-11,7,5,5,210000
F-8,32,5,6,1200000
I-8,14.2,6,6,280000
F-7,26,5,6,1000000
F-7,40,5,5,590000
DHA,11,3,4,100000
Bahria,5,3,3,68000
F-7,26,9,6,2400000
F-8,26,5,6,675000
F-6,48,6,6,1600000
Bahria,20,6,6,350000
F-8,26,4,4,850000
F-6,20,4,5,750000
DHA,11,4,5,110000
Bani,14,6,6,130000
Pakistan,5,2,2,36000
E-7,15,1,1,190000
PWD,10,3,3,50000
G-13,10,6,6,200000
G-13,4,4,5,90000
G-13,4.4,4,5,100000
DHA,20,5,6,250000
Kuri,14,5,6,130000
G-13,10,6,6,200000
Green,6,3,4,75000
Kuri,8,4,5,70000
D-12,4.4,3,4,105000
G-6,84,8,6,2100000
F-10,20,5,5,350000
E-7,48,5,5,4200000
DHA,10,6,6,120000
G-6,26,6,6,900000
F-7,80,5,6,2700000
DHA,10,6,6,125000
F-7,20,4,4,600000
F-8,20,5,5,500000
F-10,20,5,4,375000
F-6,48,5,5,1000000
F-7,20,5,5,600000
F-6,26,6,6,850000
DHA,20,6,6,210000
G-13,7,6,6,160000
F-10,20,5,6,400000
F-10,24,5,6,450000
F-7,20,3,4,430000
Bhara,24,4,3,125000
DHA,20,7,6,200000
F-7,36,6,6,1800000
DHA,20,5,5,240000
Top,20,7,6,260000
DHA,20,5,6,200000
Bahria,10,5,5,100000
F-11,26,6,6,600000
F-8,26,6,6,950000
G-13,10,6,6,200000
G-13,7,5,6,165000
F-6,26,7,6,800000
I-14,5,4,4,65000
F-8,20,4,4,425000
F-6,48,5,6,900000
F-11,20,6,6,350000
G-13,4,4,5,92000
D-17,7.1,4,5,70000
F-11,20,6,6,350000
F-7,26,5,6,650000
F-11,20,4,4,350000
DHA,20,5,5,180000
E-7,22,3,4,450000
F-6,60,5,6,1200000
F-8,40,6,6,900000
DHA,10,5,5,125000
Bahria,10,5,5,114999
DHA,20,6,6,270000
DHA,20,6,6,270000
Park,20,8,6,210000
F-8,80,10,6,2400000
F-10,20,6,6,409999
E-7,40,4,4,850000
DHA,20,3,4,250000
F-7,24,8,6,800000
DHA,20,6,6,150000
F-7,26,7,6,1050000
DHA,12,4,4,110000
I-8,14,6,6,300000
F-7,54,7,6,3360000
F-7,30,6,6,1000000
DHA,20,5,5,220000
DHA,20,8,6,300000
DHA,20,5,6,190000
Bahria,5,3,3,72000
DHA,20,6,6,170000
National,20,6,6,150000
G-6,26,6,6,900000
Bahria,5,3,3,85000
Bahria,10,5,6,150000
I-8,20,6,6,500000
F-11,14,5,6,430000
I-10,6,6,6,140000
DHA,20,5,6,190000
E-11,20,3,3,140000
F-6,20,3,3,600000
Top,10,5,6,125000
Top,20,4,4,130000
Top,10,3,3,50000
G-13,8,5,5,140000
Top,20,6,6,225000
Bahria,20,6,6,270000
DHA,20,6,6,220000
F-7,120,5,5,3050000
DHA,20,3,5,229999
F-7,40,6,6,1200000
DHA,20,5,6,190000
F-8,16,4,4,350000
DHA,5,4,4,90000
F-6,48,5,6,900000
I-8,12,6,6,350000
F-6,20,2,2,390000
I-10,6,4,3,130000
F-7,32,7,6,2500000
F-6,10,4,4,950000
F-7,40,6,6,1400000
F-7,40,7,6,3650000
DHA,20,7,6,190000
Bahria,13,3,4,140000
F-8,26,4,5,700000
Faisal,8,6,5,100000
F-8,26,5,6,1000000
G-15,8,4,4,95000
Top,10,3,2,55000
F-10,24,4,4,680000
F-15,22,7,6,225000
Bani,20,10,6,250000
F-7,60,6,6,3400000
F-10,20,4,6,450000
E-7,36,4,4,950000
E-7,80,7,6,6000000
F-7,20,3,3,325000
F-7,28,4,4,1050000
F-8,60,6,6,2600000
B-17,10,5,4,58000
F-6,80,7,6,8000000
F-6,20,4,4,1270000
D-12,4.4,5,5,130000
F-6,17.8,4,5,700000
F-6,19.5,6,6,800000
DHA,30,5,6,220000
I-8,24,9,6,1000000
DHA,20,9,6,400000
DHA,20,5,5,250000
E-11,6,5,5,310000
Green,5,6,6,80000
G-10,14,6,6,154000
I-11,5,5,5,100000
DHA,20,6,6,170000
F-11,20,4,5,375000
Gulberg,8,1,1,25000
F-7,26,6,6,1150000
F-6,12.4,5,5,1000000
I-10,6,4,4,120000
F-7,20,6,6,1300000
Bani,10,6,6,135000
G-13,10.8,11,6,650000
F-8,48,6,6,1000000
E-11,8,8,6,280000
F-11,20,5,5,500000
G-10,20,6,6,300000
Emaar,40,5,4,180000
DHA,20,6,6,200000
G-14,26,10,6,1000000
G-11,6,6,6,160000
I-10,6,5,3,95000
Soan,10,3,3,47000
DHA,20,6,6,170000
F-6,50,6,6,2500000
I-8,14.2,6,6,320000
DHA,20,6,6,250000
F-11,36,6,6,700000
F-8,80,9,6,2000000
DHA,20,6,6,170000
E-11,10,4,4,190000
F-7,64,5,6,2200000
F-6,60,4,5,1500000
DHA,20,6,6,240000
F-8,20,5,6,600000
B-17,24,7,6,210000
F-8,22,6,6,900000
E-7,80,4,5,1300000
Bahria,5,3,3,62000
F-8,20,5,5,600000
DHA,20,6,6,170000
I-8,14.2,5,6,300000
E-7,80,9,6,2000000
DHA,20,6,6,170000
Bahria,16,5,4,400000
F-7,24,4,5,1200000
DHA,20,6,6,250000
Bani,16,2,2,90000
F-7,22,5,6,2100000
E-7,48,5,6,3500000
DHA,20,6,6,170000
DHA,20,6,6,170000
Bani,5,4,5,80000
G-13,20,6,6,375000
DHA,20,5,5,250000
F-6,20,4,4,300000
F-7,26,7,6,1050000
F-7,40,4,5,550000
F-7,20,6,6,2200000
DHA,20,6,6,170000
F-11,10,5,5,250000
F-6,44,6,6,1100000
Bani,10,5,6,130000
Bahria,10,5,6,140000
F-8,20,2,2,360000
E-7,36,4,5,750000
DHA,20,6,6,250000
Bani,20,11,6,300000
F-8,26,5,6,600000
DHA,11,3,4,110000
F-7,100,5,6,2500000
G-6,66,8,6,2500000
F-8,40,6,6,1000000
G-11,5.6,3,3,120000
F-7,20,5,5,900000
E-7,72,5,6,1400000
F-7,60,5,6,2300000
F-6,22,8,6,1200000
F-6,10.6,4,5,900000
F-8,26,6,6,1000000
F-8,40,6,6,800000
DHA,20,6,6,190000
F-8,20,5,6,500000
F-7,26,7,6,1100000
F-10,28,7,6,700000
F-8,32,5,6,1000000
G-13,8,5,6,155000
F-7,26,5,6,550000
F-8,36,6,6,700000
F-8,40,6,6,1100000
F-7,100,6,6,6000000
DHA,20,6,6,220000
F-7,20,7,6,1000000
F-8,26,5,6,1000000
F-6,80,4,5,1500000
Bahria,10,5,6,170000
F-11,20,5,6,500000
E-11,20,7,6,600000
E-7,40,6,6,3500000
F-7,100,5,5,2695000
